file,line,type,commit,author,date,time,timezone,datetime,depth,length
style.css,1,css,4e256484,Dylan Dsouza,2025-09-29,07:56:12,-07:00,2025-09-29T07:56:12-07:00,0,2
style.css,2,css,4e256484,Dylan Dsouza,2025-09-29,07:56:12,-07:00,2025-09-29T07:56:12-07:00,0,41
style.css,3,css,4e256484,Dylan Dsouza,2025-09-29,07:56:12,-07:00,2025-09-29T07:56:12-07:00,0,40
style.css,4,css,4e256484,Dylan Dsouza,2025-09-29,07:56:12,-07:00,2025-09-29T07:56:12-07:00,0,0
style.css,5,css,4e256484,Dylan Dsouza,2025-09-29,07:56:12,-07:00,2025-09-29T07:56:12-07:00,0,21
style.css,6,css,f281f3c4,Dylan Dsouza,2025-10-04,19:11:59,-07:00,2025-10-04T19:11:59-07:00,0,13
style.css,7,css,f281f3c4,Dylan Dsouza,2025-10-04,19:11:59,-07:00,2025-10-04T19:11:59-07:00,0,16
style.css,8,css,f281f3c4,Dylan Dsouza,2025-10-04,19:11:59,-07:00,2025-10-04T19:11:59-07:00,0,9
style.css,9,css,f281f3c4,Dylan Dsouza,2025-10-04,19:11:59,-07:00,2025-10-04T19:11:59-07:00,0,0
style.css,10,css,f281f3c4,Dylan Dsouza,2025-10-04,19:11:59,-07:00,2025-10-04T19:11:59-07:00,0,0
style.css,11,css,f281f3c4,Dylan Dsouza,2025-10-04,19:11:59,-07:00,2025-10-04T19:11:59-07:00,0,1
style.css,12,css,f281f3c4,Dylan Dsouza,2025-10-04,19:11:59,-07:00,2025-10-04T19:11:59-07:00,0,10
style.css,13,css,f281f3c4,Dylan Dsouza,2025-10-04,19:11:59,-07:00,2025-10-04T19:11:59-07:00,0,16
style.css,14,css,f281f3c4,Dylan Dsouza,2025-10-04,19:11:59,-07:00,2025-10-04T19:11:59-07:00,0,21
style.css,15,css,f281f3c4,Dylan Dsouza,2025-10-04,19:11:59,-07:00,2025-10-04T19:11:59-07:00,0,23
style.css,16,css,d74f3d5c,Dylan Dsouza,2025-10-17,11:39:52,-07:00,2025-10-17T11:39:52-07:00,0,37
style.css,17,css,d74f3d5c,Dylan Dsouza,2025-10-17,11:39:52,-07:00,2025-10-17T11:39:52-07:00,0,37
style.css,18,css,f281f3c4,Dylan Dsouza,2025-10-04,19:11:59,-07:00,2025-10-04T19:11:59-07:00,0,0
style.css,19,css,f281f3c4,Dylan Dsouza,2025-10-04,19:11:59,-07:00,2025-10-04T19:11:59-07:00,0,0
style.css,20,css,f281f3c4,Dylan Dsouza,2025-10-04,19:11:59,-07:00,2025-10-04T19:11:59-07:00,0,0
style.css,21,css,f281f3c4,Dylan Dsouza,2025-10-04,19:11:59,-07:00,2025-10-04T19:11:59-07:00,0,4
style.css,22,css,f281f3c4,Dylan Dsouza,2025-10-04,19:11:59,-07:00,2025-10-04T19:11:59-07:00,0,18
style.css,23,css,f281f3c4,Dylan Dsouza,2025-10-04,19:11:59,-07:00,2025-10-04T19:11:59-07:00,0,11
style.css,24,css,f281f3c4,Dylan Dsouza,2025-10-04,19:11:59,-07:00,2025-10-04T19:11:59-07:00,0,15
style.css,25,css,f281f3c4,Dylan Dsouza,2025-10-04,19:11:59,-07:00,2025-10-04T19:11:59-07:00,0,11
style.css,26,css,f281f3c4,Dylan Dsouza,2025-10-04,19:11:59,-07:00,2025-10-04T19:11:59-07:00,0,0
style.css,27,css,f281f3c4,Dylan Dsouza,2025-10-04,19:11:59,-07:00,2025-10-04T19:11:59-07:00,0,0
style.css,28,css,f281f3c4,Dylan Dsouza,2025-10-04,19:11:59,-07:00,2025-10-04T19:11:59-07:00,0,5
style.css,29,css,f281f3c4,Dylan Dsouza,2025-10-04,19:11:59,-07:00,2025-10-04T19:11:59-07:00,0,23
style.css,30,css,f281f3c4,Dylan Dsouza,2025-10-04,19:11:59,-07:00,2025-10-04T19:11:59-07:00,0,23
style.css,31,css,f281f3c4,Dylan Dsouza,2025-10-04,19:11:59,-07:00,2025-10-04T19:11:59-07:00,0,37
style.css,32,css,d74f3d5c,Dylan Dsouza,2025-10-17,11:39:52,-07:00,2025-10-17T11:39:52-07:00,0,67
style.css,33,css,f281f3c4,Dylan Dsouza,2025-10-04,19:11:59,-07:00,2025-10-04T19:11:59-07:00,0,18
style.css,34,css,f281f3c4,Dylan Dsouza,2025-10-04,19:11:59,-07:00,2025-10-04T19:11:59-07:00,0,0
style.css,35,css,f281f3c4,Dylan Dsouza,2025-10-04,19:11:59,-07:00,2025-10-04T19:11:59-07:00,0,0
style.css,36,css,f281f3c4,Dylan Dsouza,2025-10-04,19:11:59,-07:00,2025-10-04T19:11:59-07:00,0,6
style.css,37,css,f281f3c4,Dylan Dsouza,2025-10-04,19:11:59,-07:00,2025-10-04T19:11:59-07:00,0,23
style.css,38,css,f281f3c4,Dylan Dsouza,2025-10-04,19:11:59,-07:00,2025-10-04T19:11:59-07:00,0,23
style.css,39,css,d74f3d5c,Dylan Dsouza,2025-10-17,11:39:52,-07:00,2025-10-17T11:39:52-07:00,0,37
style.css,40,css,f281f3c4,Dylan Dsouza,2025-10-04,19:11:59,-07:00,2025-10-04T19:11:59-07:00,0,18
style.css,41,css,f281f3c4,Dylan Dsouza,2025-10-04,19:11:59,-07:00,2025-10-04T19:11:59-07:00,0,14
style.css,42,css,f281f3c4,Dylan Dsouza,2025-10-04,19:11:59,-07:00,2025-10-04T19:11:59-07:00,0,0
style.css,43,css,f281f3c4,Dylan Dsouza,2025-10-04,19:11:59,-07:00,2025-10-04T19:11:59-07:00,0,0
style.css,44,css,f281f3c4,Dylan Dsouza,2025-10-04,19:11:59,-07:00,2025-10-04T19:11:59-07:00,0,3
style.css,45,css,f281f3c4,Dylan Dsouza,2025-10-04,19:11:59,-07:00,2025-10-04T19:11:59-07:00,0,29
style.css,46,css,d74f3d5c,Dylan Dsouza,2025-10-17,11:39:52,-07:00,2025-10-17T11:39:52-07:00,0,21
style.css,47,css,f281f3c4,Dylan Dsouza,2025-10-04,19:11:59,-07:00,2025-10-04T19:11:59-07:00,0,0
style.css,48,css,f281f3c4,Dylan Dsouza,2025-10-04,19:11:59,-07:00,2025-10-04T19:11:59-07:00,0,0
style.css,49,css,f281f3c4,Dylan Dsouza,2025-10-04,19:11:59,-07:00,2025-10-04T19:11:59-07:00,0,2
style.css,50,css,f281f3c4,Dylan Dsouza,2025-10-04,19:11:59,-07:00,2025-10-04T19:11:59-07:00,0,30
style.css,51,css,f281f3c4,Dylan Dsouza,2025-10-04,19:11:59,-07:00,2025-10-04T19:11:59-07:00,0,0
style.css,52,css,f281f3c4,Dylan Dsouza,2025-10-04,19:11:59,-07:00,2025-10-04T19:11:59-07:00,0,0
style.css,53,css,f281f3c4,Dylan Dsouza,2025-10-04,19:11:59,-07:00,2025-10-04T19:11:59-07:00,0,21
style.css,54,css,f281f3c4,Dylan Dsouza,2025-10-04,19:11:59,-07:00,2025-10-04T19:11:59-07:00,0,10
style.css,55,css,f281f3c4,Dylan Dsouza,2025-10-04,19:11:59,-07:00,2025-10-04T19:11:59-07:00,0,0
style.css,56,css,f281f3c4,Dylan Dsouza,2025-10-04,19:11:59,-07:00,2025-10-04T19:11:59-07:00,0,0
style.css,57,css,f281f3c4,Dylan Dsouza,2025-10-04,19:11:59,-07:00,2025-10-04T19:11:59-07:00,0,2
style.css,58,css,f281f3c4,Dylan Dsouza,2025-10-04,19:11:59,-07:00,2025-10-04T19:11:59-07:00,0,10
style.css,59,css,f281f3c4,Dylan Dsouza,2025-10-04,19:11:59,-07:00,2025-10-04T19:11:59-07:00,0,28
style.css,60,css,f281f3c4,Dylan Dsouza,2025-10-04,19:11:59,-07:00,2025-10-04T19:11:59-07:00,0,5
style.css,61,css,f281f3c4,Dylan Dsouza,2025-10-04,19:11:59,-07:00,2025-10-04T19:11:59-07:00,0,0
style.css,62,css,f281f3c4,Dylan Dsouza,2025-10-04,19:11:59,-07:00,2025-10-04T19:11:59-07:00,0,0
style.css,63,css,f281f3c4,Dylan Dsouza,2025-10-04,19:11:59,-07:00,2025-10-04T19:11:59-07:00,0,3
style.css,64,css,f281f3c4,Dylan Dsouza,2025-10-04,19:11:59,-07:00,2025-10-04T19:11:59-07:00,0,10
style.css,65,css,f281f3c4,Dylan Dsouza,2025-10-04,19:11:59,-07:00,2025-10-04T19:11:59-07:00,0,27
style.css,66,css,f281f3c4,Dylan Dsouza,2025-10-04,19:11:59,-07:00,2025-10-04T19:11:59-07:00,0,16
style.css,67,css,f281f3c4,Dylan Dsouza,2025-10-04,19:11:59,-07:00,2025-10-04T19:11:59-07:00,0,5
style.css,68,css,f281f3c4,Dylan Dsouza,2025-10-04,19:11:59,-07:00,2025-10-04T19:11:59-07:00,0,0
style.css,69,css,f281f3c4,Dylan Dsouza,2025-10-04,19:11:59,-07:00,2025-10-04T19:11:59-07:00,0,0
style.css,70,css,d74f3d5c,Dylan Dsouza,2025-10-17,11:39:52,-07:00,2025-10-17T11:39:52-07:00,0,10
style.css,71,css,d74f3d5c,Dylan Dsouza,2025-10-17,11:39:52,-07:00,2025-10-17T11:39:52-07:00,0,15
style.css,72,css,d74f3d5c,Dylan Dsouza,2025-10-17,11:39:52,-07:00,2025-10-17T11:39:52-07:00,0,6
style.css,73,css,d74f3d5c,Dylan Dsouza,2025-10-17,11:39:52,-07:00,2025-10-17T11:39:52-07:00,0,8
style.css,74,css,d74f3d5c,Dylan Dsouza,2025-10-17,11:39:52,-07:00,2025-10-17T11:39:52-07:00,0,11
style.css,75,css,d74f3d5c,Dylan Dsouza,2025-10-17,11:39:52,-07:00,2025-10-17T11:39:52-07:00,0,17
style.css,76,css,d74f3d5c,Dylan Dsouza,2025-10-17,11:39:52,-07:00,2025-10-17T11:39:52-07:00,0,0
style.css,77,css,d74f3d5c,Dylan Dsouza,2025-10-17,11:39:52,-07:00,2025-10-17T11:39:52-07:00,0,0
style.css,78,css,f281f3c4,Dylan Dsouza,2025-10-04,19:11:59,-07:00,2025-10-04T19:11:59-07:00,0,4
style.css,79,css,f281f3c4,Dylan Dsouza,2025-10-04,19:11:59,-07:00,2025-10-04T19:11:59-07:00,0,10
style.css,80,css,f281f3c4,Dylan Dsouza,2025-10-04,19:11:59,-07:00,2025-10-04T19:11:59-07:00,0,16
style.css,81,css,f281f3c4,Dylan Dsouza,2025-10-04,19:11:59,-07:00,2025-10-04T19:11:59-07:00,0,5
style.css,82,css,f281f3c4,Dylan Dsouza,2025-10-04,19:11:59,-07:00,2025-10-04T19:11:59-07:00,0,0
style.css,83,css,f281f3c4,Dylan Dsouza,2025-10-04,19:11:59,-07:00,2025-10-04T19:11:59-07:00,0,0
style.css,84,css,f281f3c4,Dylan Dsouza,2025-10-04,19:11:59,-07:00,2025-10-04T19:11:59-07:00,0,7
style.css,85,css,f281f3c4,Dylan Dsouza,2025-10-04,19:11:59,-07:00,2025-10-04T19:11:59-07:00,0,10
style.css,86,css,f281f3c4,Dylan Dsouza,2025-10-04,19:11:59,-07:00,2025-10-04T19:11:59-07:00,0,56
style.css,87,css,f281f3c4,Dylan Dsouza,2025-10-04,19:11:59,-07:00,2025-10-04T19:11:59-07:00,0,5
style.css,88,css,f281f3c4,Dylan Dsouza,2025-10-04,19:11:59,-07:00,2025-10-04T19:11:59-07:00,0,0
style.css,89,css,f281f3c4,Dylan Dsouza,2025-10-04,19:11:59,-07:00,2025-10-04T19:11:59-07:00,0,0
style.css,90,css,f281f3c4,Dylan Dsouza,2025-10-04,19:11:59,-07:00,2025-10-04T19:11:59-07:00,0,5
style.css,91,css,f281f3c4,Dylan Dsouza,2025-10-04,19:11:59,-07:00,2025-10-04T19:11:59-07:00,0,10
style.css,92,css,f281f3c4,Dylan Dsouza,2025-10-04,19:11:59,-07:00,2025-10-04T19:11:59-07:00,0,24
style.css,93,css,f281f3c4,Dylan Dsouza,2025-10-04,19:11:59,-07:00,2025-10-04T19:11:59-07:00,0,13
style.css,94,css,f281f3c4,Dylan Dsouza,2025-10-04,19:11:59,-07:00,2025-10-04T19:11:59-07:00,0,5
style.css,95,css,f281f3c4,Dylan Dsouza,2025-10-04,19:11:59,-07:00,2025-10-04T19:11:59-07:00,0,0
style.css,96,css,f281f3c4,Dylan Dsouza,2025-10-04,19:11:59,-07:00,2025-10-04T19:11:59-07:00,0,0
style.css,97,css,f281f3c4,Dylan Dsouza,2025-10-04,19:11:59,-07:00,2025-10-04T19:11:59-07:00,0,20
style.css,98,css,f281f3c4,Dylan Dsouza,2025-10-04,19:11:59,-07:00,2025-10-04T19:11:59-07:00,0,13
style.css,99,css,f281f3c4,Dylan Dsouza,2025-10-04,19:11:59,-07:00,2025-10-04T19:11:59-07:00,0,15
style.css,100,css,f281f3c4,Dylan Dsouza,2025-10-04,19:11:59,-07:00,2025-10-04T19:11:59-07:00,0,0
style.css,101,css,f281f3c4,Dylan Dsouza,2025-10-04,19:11:59,-07:00,2025-10-04T19:11:59-07:00,0,0
style.css,102,css,f281f3c4,Dylan Dsouza,2025-10-04,19:11:59,-07:00,2025-10-04T19:11:59-07:00,0,0
style.css,103,css,f281f3c4,Dylan Dsouza,2025-10-04,19:11:59,-07:00,2025-10-04T19:11:59-07:00,0,6
style.css,104,css,f281f3c4,Dylan Dsouza,2025-10-04,19:11:59,-07:00,2025-10-04T19:11:59-07:00,0,0
style.css,105,css,f281f3c4,Dylan Dsouza,2025-10-04,19:11:59,-07:00,2025-10-04T19:11:59-07:00,0,0
style.css,106,css,f281f3c4,Dylan Dsouza,2025-10-04,19:11:59,-07:00,2025-10-04T19:11:59-07:00,0,4
style.css,107,css,f281f3c4,Dylan Dsouza,2025-10-04,19:11:59,-07:00,2025-10-04T19:11:59-07:00,0,15
style.css,108,css,f281f3c4,Dylan Dsouza,2025-10-04,19:11:59,-07:00,2025-10-04T19:11:59-07:00,0,18
style.css,109,css,f281f3c4,Dylan Dsouza,2025-10-04,19:11:59,-07:00,2025-10-04T19:11:59-07:00,0,0
style.css,110,css,f281f3c4,Dylan Dsouza,2025-10-04,19:11:59,-07:00,2025-10-04T19:11:59-07:00,0,0
style.css,111,css,f281f3c4,Dylan Dsouza,2025-10-04,19:11:59,-07:00,2025-10-04T19:11:59-07:00,0,7
style.css,112,css,f281f3c4,Dylan Dsouza,2025-10-04,19:11:59,-07:00,2025-10-04T19:11:59-07:00,0,14
style.css,113,css,f281f3c4,Dylan Dsouza,2025-10-04,19:11:59,-07:00,2025-10-04T19:11:59-07:00,0,13
style.css,114,css,f281f3c4,Dylan Dsouza,2025-10-04,19:11:59,-07:00,2025-10-04T19:11:59-07:00,0,19
style.css,115,css,f281f3c4,Dylan Dsouza,2025-10-04,19:11:59,-07:00,2025-10-04T19:11:59-07:00,0,11
style.css,116,css,f281f3c4,Dylan Dsouza,2025-10-04,19:11:59,-07:00,2025-10-04T19:11:59-07:00,0,0
style.css,117,css,f281f3c4,Dylan Dsouza,2025-10-04,19:11:59,-07:00,2025-10-04T19:11:59-07:00,0,0
style.css,118,css,f281f3c4,Dylan Dsouza,2025-10-04,19:11:59,-07:00,2025-10-04T19:11:59-07:00,0,6
style.css,119,css,f281f3c4,Dylan Dsouza,2025-10-04,19:11:59,-07:00,2025-10-04T19:11:59-07:00,0,18
style.css,120,css,f281f3c4,Dylan Dsouza,2025-10-04,19:11:59,-07:00,2025-10-04T19:11:59-07:00,0,8
style.css,121,css,f281f3c4,Dylan Dsouza,2025-10-04,19:11:59,-07:00,2025-10-04T19:11:59-07:00,0,0
style.css,122,css,f281f3c4,Dylan Dsouza,2025-10-04,19:11:59,-07:00,2025-10-04T19:11:59-07:00,0,0
style.css,123,css,f281f3c4,Dylan Dsouza,2025-10-04,19:11:59,-07:00,2025-10-04T19:11:59-07:00,0,6
style.css,124,css,f281f3c4,Dylan Dsouza,2025-10-04,19:11:59,-07:00,2025-10-04T19:11:59-07:00,0,11
style.css,125,css,f281f3c4,Dylan Dsouza,2025-10-04,19:11:59,-07:00,2025-10-04T19:11:59-07:00,0,13
style.css,126,css,f281f3c4,Dylan Dsouza,2025-10-04,19:11:59,-07:00,2025-10-04T19:11:59-07:00,0,0
style.css,127,css,f281f3c4,Dylan Dsouza,2025-10-04,19:11:59,-07:00,2025-10-04T19:11:59-07:00,0,0
style.css,128,css,f281f3c4,Dylan Dsouza,2025-10-04,19:11:59,-07:00,2025-10-04T19:11:59-07:00,0,12
style.css,129,css,f281f3c4,Dylan Dsouza,2025-10-04,19:11:59,-07:00,2025-10-04T19:11:59-07:00,0,14
style.css,130,css,f281f3c4,Dylan Dsouza,2025-10-04,19:11:59,-07:00,2025-10-04T19:11:59-07:00,0,0
style.css,131,css,f281f3c4,Dylan Dsouza,2025-10-04,19:11:59,-07:00,2025-10-04T19:11:59-07:00,0,0
style.css,132,css,f281f3c4,Dylan Dsouza,2025-10-04,19:11:59,-07:00,2025-10-04T19:11:59-07:00,0,5
style.css,133,css,f281f3c4,Dylan Dsouza,2025-10-04,19:11:59,-07:00,2025-10-04T19:11:59-07:00,0,16
style.css,134,css,f281f3c4,Dylan Dsouza,2025-10-04,19:11:59,-07:00,2025-10-04T19:11:59-07:00,0,0
style.css,135,css,f281f3c4,Dylan Dsouza,2025-10-04,19:11:59,-07:00,2025-10-04T19:11:59-07:00,0,0
style.css,136,css,f281f3c4,Dylan Dsouza,2025-10-04,19:11:59,-07:00,2025-10-04T19:11:59-07:00,0,8
style.css,137,css,f281f3c4,Dylan Dsouza,2025-10-04,19:11:59,-07:00,2025-10-04T19:11:59-07:00,0,14
style.css,138,css,f281f3c4,Dylan Dsouza,2025-10-04,19:11:59,-07:00,2025-10-04T19:11:59-07:00,0,12
style.css,139,css,f281f3c4,Dylan Dsouza,2025-10-04,19:11:59,-07:00,2025-10-04T19:11:59-07:00,0,26
style.css,140,css,f281f3c4,Dylan Dsouza,2025-10-04,19:11:59,-07:00,2025-10-04T19:11:59-07:00,0,19
style.css,141,css,f281f3c4,Dylan Dsouza,2025-10-04,19:11:59,-07:00,2025-10-04T19:11:59-07:00,0,18
style.css,142,css,f281f3c4,Dylan Dsouza,2025-10-04,19:11:59,-07:00,2025-10-04T19:11:59-07:00,0,0
style.css,143,css,f281f3c4,Dylan Dsouza,2025-10-04,19:11:59,-07:00,2025-10-04T19:11:59-07:00,0,0
style.css,144,css,f281f3c4,Dylan Dsouza,2025-10-04,19:11:59,-07:00,2025-10-04T19:11:59-07:00,0,5
style.css,145,css,f281f3c4,Dylan Dsouza,2025-10-04,19:11:59,-07:00,2025-10-04T19:11:59-07:00,0,18
style.css,146,css,f281f3c4,Dylan Dsouza,2025-10-04,19:11:59,-07:00,2025-10-04T19:11:59-07:00,0,0
style.css,147,css,f281f3c4,Dylan Dsouza,2025-10-04,19:11:59,-07:00,2025-10-04T19:11:59-07:00,0,0
style.css,148,css,f281f3c4,Dylan Dsouza,2025-10-04,19:11:59,-07:00,2025-10-04T19:11:59-07:00,0,7
style.css,149,css,f281f3c4,Dylan Dsouza,2025-10-04,19:11:59,-07:00,2025-10-04T19:11:59-07:00,0,19
style.css,150,css,f281f3c4,Dylan Dsouza,2025-10-04,19:11:59,-07:00,2025-10-04T19:11:59-07:00,0,13
style.css,151,css,f281f3c4,Dylan Dsouza,2025-10-04,19:11:59,-07:00,2025-10-04T19:11:59-07:00,0,8
style.css,152,css,f281f3c4,Dylan Dsouza,2025-10-04,19:11:59,-07:00,2025-10-04T19:11:59-07:00,0,0
style.css,153,css,f281f3c4,Dylan Dsouza,2025-10-04,19:11:59,-07:00,2025-10-04T19:11:59-07:00,0,0
style.css,154,css,f281f3c4,Dylan Dsouza,2025-10-04,19:11:59,-07:00,2025-10-04T19:11:59-07:00,0,10
style.css,155,css,f281f3c4,Dylan Dsouza,2025-10-04,19:11:59,-07:00,2025-10-04T19:11:59-07:00,0,8
style.css,156,css,f281f3c4,Dylan Dsouza,2025-10-04,19:11:59,-07:00,2025-10-04T19:11:59-07:00,0,14
style.css,157,css,f281f3c4,Dylan Dsouza,2025-10-04,19:11:59,-07:00,2025-10-04T19:11:59-07:00,0,19
style.css,158,css,f281f3c4,Dylan Dsouza,2025-10-04,19:11:59,-07:00,2025-10-04T19:11:59-07:00,0,0
style.css,159,css,f281f3c4,Dylan Dsouza,2025-10-04,19:11:59,-07:00,2025-10-04T19:11:59-07:00,0,0
style.css,160,css,f281f3c4,Dylan Dsouza,2025-10-04,19:11:59,-07:00,2025-10-04T19:11:59-07:00,0,7
style.css,161,css,f281f3c4,Dylan Dsouza,2025-10-04,19:11:59,-07:00,2025-10-04T19:11:59-07:00,0,11
style.css,162,css,f281f3c4,Dylan Dsouza,2025-10-04,19:11:59,-07:00,2025-10-04T19:11:59-07:00,0,13
style.css,163,css,f281f3c4,Dylan Dsouza,2025-10-04,19:11:59,-07:00,2025-10-04T19:11:59-07:00,0,0
style.css,164,css,f281f3c4,Dylan Dsouza,2025-10-04,19:11:59,-07:00,2025-10-04T19:11:59-07:00,0,0
style.css,165,css,f281f3c4,Dylan Dsouza,2025-10-04,19:11:59,-07:00,2025-10-04T19:11:59-07:00,0,13
style.css,166,css,f281f3c4,Dylan Dsouza,2025-10-04,19:11:59,-07:00,2025-10-04T19:11:59-07:00,0,23
style.css,167,css,f281f3c4,Dylan Dsouza,2025-10-04,19:11:59,-07:00,2025-10-04T19:11:59-07:00,0,0
style.css,168,css,f281f3c4,Dylan Dsouza,2025-10-04,19:11:59,-07:00,2025-10-04T19:11:59-07:00,0,0
style.css,169,css,f281f3c4,Dylan Dsouza,2025-10-04,19:11:59,-07:00,2025-10-04T19:11:59-07:00,0,6
style.css,170,css,f281f3c4,Dylan Dsouza,2025-10-04,19:11:59,-07:00,2025-10-04T19:11:59-07:00,0,10
style.css,171,css,f281f3c4,Dylan Dsouza,2025-10-04,19:11:59,-07:00,2025-10-04T19:11:59-07:00,0,6
style.css,172,css,f281f3c4,Dylan Dsouza,2025-10-04,19:11:59,-07:00,2025-10-04T19:11:59-07:00,0,7
style.css,173,css,f281f3c4,Dylan Dsouza,2025-10-04,19:11:59,-07:00,2025-10-04T19:11:59-07:00,0,13
style.css,174,css,f281f3c4,Dylan Dsouza,2025-10-04,19:11:59,-07:00,2025-10-04T19:11:59-07:00,0,0
style.css,175,css,f281f3c4,Dylan Dsouza,2025-10-04,19:11:59,-07:00,2025-10-04T19:11:59-07:00,0,0
style.css,176,css,f281f3c4,Dylan Dsouza,2025-10-04,19:11:59,-07:00,2025-10-04T19:11:59-07:00,0,8
style.css,177,css,f281f3c4,Dylan Dsouza,2025-10-04,19:11:59,-07:00,2025-10-04T19:11:59-07:00,0,14
style.css,178,css,f281f3c4,Dylan Dsouza,2025-10-04,19:11:59,-07:00,2025-10-04T19:11:59-07:00,0,17
style.css,179,css,f281f3c4,Dylan Dsouza,2025-10-04,19:11:59,-07:00,2025-10-04T19:11:59-07:00,0,18
style.css,180,css,f281f3c4,Dylan Dsouza,2025-10-04,19:11:59,-07:00,2025-10-04T19:11:59-07:00,0,0
style.css,181,css,f281f3c4,Dylan Dsouza,2025-10-04,19:11:59,-07:00,2025-10-04T19:11:59-07:00,0,0
style.css,182,css,f281f3c4,Dylan Dsouza,2025-10-04,19:11:59,-07:00,2025-10-04T19:11:59-07:00,0,8
style.css,183,css,f281f3c4,Dylan Dsouza,2025-10-04,19:11:59,-07:00,2025-10-04T19:11:59-07:00,0,9
style.css,184,css,f281f3c4,Dylan Dsouza,2025-10-04,19:11:59,-07:00,2025-10-04T19:11:59-07:00,0,12
style.css,185,css,f281f3c4,Dylan Dsouza,2025-10-04,19:11:59,-07:00,2025-10-04T19:11:59-07:00,0,18
style.css,186,css,f281f3c4,Dylan Dsouza,2025-10-04,19:11:59,-07:00,2025-10-04T19:11:59-07:00,0,0
style.css,187,css,6665b6f4,Dylan Dsouza,2025-10-21,01:55:36,-07:00,2025-10-21T01:55:36-07:00,0,12
style.css,188,css,6665b6f4,Dylan Dsouza,2025-10-21,01:55:36,-07:00,2025-10-21T01:55:36-07:00,0,13
style.css,189,css,6665b6f4,Dylan Dsouza,2025-10-21,01:55:36,-07:00,2025-10-21T01:55:36-07:00,0,14
style.css,190,css,6665b6f4,Dylan Dsouza,2025-10-21,01:55:36,-07:00,2025-10-21T01:55:36-07:00,0,15
style.css,191,css,6665b6f4,Dylan Dsouza,2025-10-21,01:55:36,-07:00,2025-10-21T01:55:36-07:00,0,27
style.css,192,css,6665b6f4,Dylan Dsouza,2025-10-21,01:55:36,-07:00,2025-10-21T01:55:36-07:00,0,0
style.css,193,css,6665b6f4,Dylan Dsouza,2025-10-21,01:55:36,-07:00,2025-10-21T01:55:36-07:00,0,0
style.css,194,css,6665b6f4,Dylan Dsouza,2025-10-21,01:55:36,-07:00,2025-10-21T01:55:36-07:00,0,15
style.css,195,css,6665b6f4,Dylan Dsouza,2025-10-21,01:55:36,-07:00,2025-10-21T01:55:36-07:00,0,12
style.css,196,css,6665b6f4,Dylan Dsouza,2025-10-21,01:55:36,-07:00,2025-10-21T01:55:36-07:00,0,13
style.css,197,css,6665b6f4,Dylan Dsouza,2025-10-21,01:55:36,-07:00,2025-10-21T01:55:36-07:00,0,16
style.css,198,css,6665b6f4,Dylan Dsouza,2025-10-21,01:55:36,-07:00,2025-10-21T01:55:36-07:00,0,0
style.css,199,css,6665b6f4,Dylan Dsouza,2025-10-21,01:55:36,-07:00,2025-10-21T01:55:36-07:00,0,0
style.css,200,css,6665b6f4,Dylan Dsouza,2025-10-21,01:55:36,-07:00,2025-10-21T01:55:36-07:00,0,15
style.css,201,css,6665b6f4,Dylan Dsouza,2025-10-21,01:55:36,-07:00,2025-10-21T01:55:36-07:00,0,10
style.css,202,css,6665b6f4,Dylan Dsouza,2025-10-21,01:55:36,-07:00,2025-10-21T01:55:36-07:00,0,34
style.css,203,css,6665b6f4,Dylan Dsouza,2025-10-21,01:55:36,-07:00,2025-10-21T01:55:36-07:00,0,6
style.css,204,css,6665b6f4,Dylan Dsouza,2025-10-21,01:55:36,-07:00,2025-10-21T01:55:36-07:00,0,0
style.css,205,css,6665b6f4,Dylan Dsouza,2025-10-21,01:55:36,-07:00,2025-10-21T01:55:36-07:00,0,0
style.css,206,css,6665b6f4,Dylan Dsouza,2025-10-21,01:55:36,-07:00,2025-10-21T01:55:36-07:00,0,19
style.css,207,css,6665b6f4,Dylan Dsouza,2025-10-21,01:55:36,-07:00,2025-10-21T01:55:36-07:00,0,14
style.css,208,css,6665b6f4,Dylan Dsouza,2025-10-21,01:55:36,-07:00,2025-10-21T01:55:36-07:00,0,19
style.css,209,css,6665b6f4,Dylan Dsouza,2025-10-21,01:55:36,-07:00,2025-10-21T01:55:36-07:00,0,16
style.css,210,css,6665b6f4,Dylan Dsouza,2025-10-21,01:55:36,-07:00,2025-10-21T01:55:36-07:00,0,15
style.css,211,css,6665b6f4,Dylan Dsouza,2025-10-21,01:55:36,-07:00,2025-10-21T01:55:36-07:00,0,25
style.css,212,css,6665b6f4,Dylan Dsouza,2025-10-21,01:55:36,-07:00,2025-10-21T01:55:36-07:00,0,0
style.css,213,css,6665b6f4,Dylan Dsouza,2025-10-21,01:55:36,-07:00,2025-10-21T01:55:36-07:00,0,0
style.css,214,css,6665b6f4,Dylan Dsouza,2025-10-21,01:55:36,-07:00,2025-10-21T01:55:36-07:00,0,25
style.css,215,css,6665b6f4,Dylan Dsouza,2025-10-21,01:55:36,-07:00,2025-10-21T01:55:36-07:00,0,16
style.css,216,css,6665b6f4,Dylan Dsouza,2025-10-21,01:55:36,-07:00,2025-10-21T01:55:36-07:00,0,24
style.css,217,css,6665b6f4,Dylan Dsouza,2025-10-21,01:55:36,-07:00,2025-10-21T01:55:36-07:00,0,0
style.css,218,css,6665b6f4,Dylan Dsouza,2025-10-21,01:55:36,-07:00,2025-10-21T01:55:36-07:00,0,0
style.css,219,css,6665b6f4,Dylan Dsouza,2025-10-21,01:55:36,-07:00,2025-10-21T01:55:36-07:00,0,15
style.css,220,css,6665b6f4,Dylan Dsouza,2025-10-21,01:55:36,-07:00,2025-10-21T01:55:36-07:00,0,12
style.css,221,css,6665b6f4,Dylan Dsouza,2025-10-21,01:55:36,-07:00,2025-10-21T01:55:36-07:00,0,11
style.css,222,css,6665b6f4,Dylan Dsouza,2025-10-21,01:55:36,-07:00,2025-10-21T01:55:36-07:00,0,16
style.css,223,css,6665b6f4,Dylan Dsouza,2025-10-21,01:55:36,-07:00,2025-10-21T01:55:36-07:00,0,13
style.css,224,css,6665b6f4,Dylan Dsouza,2025-10-21,01:55:36,-07:00,2025-10-21T01:55:36-07:00,0,15
style.css,225,css,6665b6f4,Dylan Dsouza,2025-10-21,01:55:36,-07:00,2025-10-21T01:55:36-07:00,0,0
style.css,226,css,6665b6f4,Dylan Dsouza,2025-10-21,01:55:36,-07:00,2025-10-21T01:55:36-07:00,0,0
style.css,227,css,6665b6f4,Dylan Dsouza,2025-10-21,01:55:36,-07:00,2025-10-21T01:55:36-07:00,0,15
style.css,228,css,6665b6f4,Dylan Dsouza,2025-10-21,01:55:36,-07:00,2025-10-21T01:55:36-07:00,0,12
style.css,229,css,6665b6f4,Dylan Dsouza,2025-10-21,01:55:36,-07:00,2025-10-21T01:55:36-07:00,0,14
style.css,230,css,6665b6f4,Dylan Dsouza,2025-10-21,01:55:36,-07:00,2025-10-21T01:55:36-07:00,0,8
style.css,231,css,6665b6f4,Dylan Dsouza,2025-10-21,01:55:36,-07:00,2025-10-21T01:55:36-07:00,0,6
style.css,232,css,6665b6f4,Dylan Dsouza,2025-10-21,01:55:36,-07:00,2025-10-21T01:55:36-07:00,0,0
style.css,233,css,6665b6f4,Dylan Dsouza,2025-10-21,01:55:36,-07:00,2025-10-21T01:55:36-07:00,0,0
style.css,234,css,6665b6f4,Dylan Dsouza,2025-10-21,01:55:36,-07:00,2025-10-21T01:55:36-07:00,0,12
style.css,235,css,6665b6f4,Dylan Dsouza,2025-10-21,01:55:36,-07:00,2025-10-21T01:55:36-07:00,0,8
style.css,236,css,6665b6f4,Dylan Dsouza,2025-10-21,01:55:36,-07:00,2025-10-21T01:55:36-07:00,0,10
style.css,237,css,6665b6f4,Dylan Dsouza,2025-10-21,01:55:36,-07:00,2025-10-21T01:55:36-07:00,0,14
style.css,238,css,6665b6f4,Dylan Dsouza,2025-10-21,01:55:36,-07:00,2025-10-21T01:55:36-07:00,0,15
style.css,239,css,6665b6f4,Dylan Dsouza,2025-10-21,01:55:36,-07:00,2025-10-21T01:55:36-07:00,0,0
style.css,240,css,6ab35b26,Dylan Dsouza,2025-10-31,01:24:14,-07:00,2025-10-31T01:24:14-07:00,0,0
style.css,241,css,6ab35b26,Dylan Dsouza,2025-10-31,01:24:14,-07:00,2025-10-31T01:24:14-07:00,0,11
style.css,242,css,6ab35b26,Dylan Dsouza,2025-10-31,01:24:14,-07:00,2025-10-31T01:24:14-07:00,0,97
style.css,243,css,6ab35b26,Dylan Dsouza,2025-10-31,01:24:14,-07:00,2025-10-31T01:24:14-07:00,0,32
style.css,244,css,6ab35b26,Dylan Dsouza,2025-10-31,01:24:14,-07:00,2025-10-31T01:24:14-07:00,0,15
style.css,245,css,6ab35b26,Dylan Dsouza,2025-10-31,01:24:14,-07:00,2025-10-31T01:24:14-07:00,0,31
style.css,246,css,6ab35b26,Dylan Dsouza,2025-10-31,01:24:14,-07:00,2025-10-31T01:24:14-07:00,0,14
style.css,247,css,6ab35b26,Dylan Dsouza,2025-10-31,01:24:14,-07:00,2025-10-31T01:24:14-07:00,0,0
style.css,248,css,6ab35b26,Dylan Dsouza,2025-10-31,01:24:14,-07:00,2025-10-31T01:24:14-07:00,0,0
style.css,249,css,6ab35b26,Dylan Dsouza,2025-10-31,01:24:14,-07:00,2025-10-31T01:24:14-07:00,0,16
style.css,250,css,6ab35b26,Dylan Dsouza,2025-10-31,01:24:14,-07:00,2025-10-31T01:24:14-07:00,0,12
style.css,251,css,6ab35b26,Dylan Dsouza,2025-10-31,01:24:14,-07:00,2025-10-31T01:24:14-07:00,0,14
style.css,252,css,6ab35b26,Dylan Dsouza,2025-10-31,01:24:14,-07:00,2025-10-31T01:24:14-07:00,0,14
style.css,253,css,6ab35b26,Dylan Dsouza,2025-10-31,01:24:14,-07:00,2025-10-31T01:24:14-07:00,0,0
style.css,254,css,6ab35b26,Dylan Dsouza,2025-10-31,01:24:14,-07:00,2025-10-31T01:24:14-07:00,0,0
style.css,255,css,6ab35b26,Dylan Dsouza,2025-10-31,01:24:14,-07:00,2025-10-31T01:24:14-07:00,0,5
style.css,256,css,6ab35b26,Dylan Dsouza,2025-10-31,01:24:14,-07:00,2025-10-31T01:24:14-07:00,1,8
style.css,257,css,6ab35b26,Dylan Dsouza,2025-10-31,01:24:14,-07:00,2025-10-31T01:24:14-07:00,1,16
style.css,258,css,6ab35b26,Dylan Dsouza,2025-10-31,01:24:14,-07:00,2025-10-31T01:24:14-07:00,1,27
style.css,259,css,6ab35b26,Dylan Dsouza,2025-10-31,01:24:14,-07:00,2025-10-31T01:24:14-07:00,1,15
style.css,260,css,6ab35b26,Dylan Dsouza,2025-10-31,01:24:14,-07:00,2025-10-31T01:24:14-07:00,1,18
style.css,261,css,6ab35b26,Dylan Dsouza,2025-10-31,01:24:14,-07:00,2025-10-31T01:24:14-07:00,0,0
style.css,262,css,6ab35b26,Dylan Dsouza,2025-10-31,01:24:14,-07:00,2025-10-31T01:24:14-07:00,0,0
style.css,263,css,6ab35b26,Dylan Dsouza,2025-10-31,01:24:14,-07:00,2025-10-31T01:24:14-07:00,0,5
style.css,264,css,6ab35b26,Dylan Dsouza,2025-10-31,01:24:14,-07:00,2025-10-31T01:24:14-07:00,1,10
style.css,265,css,6ab35b26,Dylan Dsouza,2025-10-31,01:24:14,-07:00,2025-10-31T01:24:14-07:00,1,55
style.css,266,css,6ab35b26,Dylan Dsouza,2025-10-31,01:24:14,-07:00,2025-10-31T01:24:14-07:00,1,6
style.css,267,css,6ab35b26,Dylan Dsouza,2025-10-31,01:24:14,-07:00,2025-10-31T01:24:14-07:00,1,4
style.css,268,css,6ab35b26,Dylan Dsouza,2025-10-31,01:24:14,-07:00,2025-10-31T01:24:14-07:00,1,13
style.css,269,css,6ab35b26,Dylan Dsouza,2025-10-31,01:24:14,-07:00,2025-10-31T01:24:14-07:00,1,12
style.css,270,css,6ab35b26,Dylan Dsouza,2025-10-31,01:24:14,-07:00,2025-10-31T01:24:14-07:00,1,11
style.css,271,css,6ab35b26,Dylan Dsouza,2025-10-31,01:24:14,-07:00,2025-10-31T01:24:14-07:00,1,19
style.css,272,css,6ab35b26,Dylan Dsouza,2025-10-31,01:24:14,-07:00,2025-10-31T01:24:14-07:00,1,15
style.css,273,css,6ab35b26,Dylan Dsouza,2025-10-31,01:24:14,-07:00,2025-10-31T01:24:14-07:00,1,17
style.css,274,css,6ab35b26,Dylan Dsouza,2025-10-31,01:24:14,-07:00,2025-10-31T01:24:14-07:00,0,0
style.css,275,css,6ab35b26,Dylan Dsouza,2025-10-31,01:24:14,-07:00,2025-10-31T01:24:14-07:00,0,0
style.css,276,css,6ab35b26,Dylan Dsouza,2025-10-31,01:24:14,-07:00,2025-10-31T01:24:14-07:00,0,10
style.css,277,css,6ab35b26,Dylan Dsouza,2025-10-31,01:24:14,-07:00,2025-10-31T01:24:14-07:00,1,10
style.css,278,css,6ab35b26,Dylan Dsouza,2025-10-31,01:24:14,-07:00,2025-10-31T01:24:14-07:00,1,16
style.css,279,css,6ab35b26,Dylan Dsouza,2025-10-31,01:24:14,-07:00,2025-10-31T01:24:14-07:00,1,8
style.css,280,css,6ab35b26,Dylan Dsouza,2025-10-31,01:24:14,-07:00,2025-10-31T01:24:14-07:00,0,0
style.css,281,css,6ab35b26,Dylan Dsouza,2025-10-31,01:24:14,-07:00,2025-10-31T01:24:14-07:00,0,0
style.css,282,css,6ab35b26,Dylan Dsouza,2025-10-31,01:24:14,-07:00,2025-10-31T01:24:14-07:00,0,7
style.css,283,css,6ab35b26,Dylan Dsouza,2025-10-31,01:24:14,-07:00,2025-10-31T01:24:14-07:00,0,10
style.css,284,css,6ab35b26,Dylan Dsouza,2025-10-31,01:24:14,-07:00,2025-10-31T01:24:14-07:00,0,6
style.css,285,css,6ab35b26,Dylan Dsouza,2025-10-31,01:24:14,-07:00,2025-10-31T01:24:14-07:00,0,15
style.css,286,css,6ab35b26,Dylan Dsouza,2025-10-31,01:24:14,-07:00,2025-10-31T01:24:14-07:00,0,0
style.css,287,css,6ab35b26,Dylan Dsouza,2025-10-31,01:24:14,-07:00,2025-10-31T01:24:14-07:00,0,0
style.css,288,css,6ab35b26,Dylan Dsouza,2025-10-31,01:24:14,-07:00,2025-10-31T01:24:14-07:00,0,15
style.css,289,css,6ab35b26,Dylan Dsouza,2025-10-31,01:24:14,-07:00,2025-10-31T01:24:14-07:00,0,14
style.css,290,css,6ab35b26,Dylan Dsouza,2025-10-31,01:24:14,-07:00,2025-10-31T01:24:14-07:00,1,9
style.css,291,css,6ab35b26,Dylan Dsouza,2025-10-31,01:24:14,-07:00,2025-10-31T01:24:14-07:00,0,0
style.css,292,css,6ab35b26,Dylan Dsouza,2025-10-31,01:24:14,-07:00,2025-10-31T01:24:14-07:00,0,2
style.css,293,css,6ab35b26,Dylan Dsouza,2025-10-31,01:24:14,-07:00,2025-10-31T01:24:14-07:00,1,14
style.css,294,css,6ab35b26,Dylan Dsouza,2025-10-31,01:24:14,-07:00,2025-10-31T01:24:14-07:00,1,12
style.css,295,css,6ab35b26,Dylan Dsouza,2025-10-31,01:24:14,-07:00,2025-10-31T01:24:14-07:00,0,0
style.css,296,css,6ab35b26,Dylan Dsouza,2025-10-31,01:24:14,-07:00,2025-10-31T01:24:14-07:00,0,0
style.css,297,css,6ab35b26,Dylan Dsouza,2025-10-31,01:24:14,-07:00,2025-10-31T01:24:14-07:00,0,0
style.css,298,css,6ab35b26,Dylan Dsouza,2025-10-31,01:24:14,-07:00,2025-10-31T01:24:14-07:00,0,7
style.css,299,css,6ab35b26,Dylan Dsouza,2025-10-31,01:24:14,-07:00,2025-10-31T01:24:14-07:00,0,33
style.css,300,css,6ab35b26,Dylan Dsouza,2025-10-31,01:24:14,-07:00,2025-10-31T01:24:14-07:00,0,0
style.css,301,css,6ab35b26,Dylan Dsouza,2025-10-31,01:24:14,-07:00,2025-10-31T01:24:14-07:00,0,8
style.css,302,css,6ab35b26,Dylan Dsouza,2025-10-31,01:24:14,-07:00,2025-10-31T01:24:14-07:00,1,15
style.css,303,css,6ab35b26,Dylan Dsouza,2025-10-31,01:24:14,-07:00,2025-10-31T01:24:14-07:00,0,0
style.css,304,css,6ab35b26,Dylan Dsouza,2025-10-31,01:24:14,-07:00,2025-10-31T01:24:14-07:00,0,0
index.js,1,js,ebe2ca31,Dylan Dsouza,2025-10-21,11:05:28,-07:00,2025-10-21T11:05:28-07:00,0,80
index.js,2,js,ebe2ca31,Dylan Dsouza,2025-10-21,11:05:28,-07:00,2025-10-21T11:05:28-07:00,0,62
index.js,3,js,6665b6f4,Dylan Dsouza,2025-10-21,01:55:36,-07:00,2025-10-21T01:55:36-07:00,0,40
index.js,4,js,6665b6f4,Dylan Dsouza,2025-10-21,01:55:36,-07:00,2025-10-21T01:55:36-07:00,0,58
index.js,5,js,c1b0bdf3,Dylan Dsouza,2025-10-21,01:59:37,-07:00,2025-10-21T01:59:37-07:00,0,60
index.js,6,js,6665b6f4,Dylan Dsouza,2025-10-21,01:55:36,-07:00,2025-10-21T01:55:36-07:00,0,52
index.js,7,js,6665b6f4,Dylan Dsouza,2025-10-21,01:55:36,-07:00,2025-10-21T01:55:36-07:00,0,0
index.js,8,js,6665b6f4,Dylan Dsouza,2025-10-21,01:55:36,-07:00,2025-10-21T01:55:36-07:00,0,53
index.js,9,js,6665b6f4,Dylan Dsouza,2025-10-21,01:55:36,-07:00,2025-10-21T01:55:36-07:00,0,58
index.js,10,js,6665b6f4,Dylan Dsouza,2025-10-21,01:55:36,-07:00,2025-10-21T01:55:36-07:00,0,0
index.js,11,js,6665b6f4,Dylan Dsouza,2025-10-21,01:55:36,-07:00,2025-10-21T01:55:36-07:00,0,15
index.js,12,js,6665b6f4,Dylan Dsouza,2025-10-21,01:55:36,-07:00,2025-10-21T01:55:36-07:00,0,22
index.js,13,js,6665b6f4,Dylan Dsouza,2025-10-21,01:55:36,-07:00,2025-10-21T01:55:36-07:00,1,0
index.js,14,js,6665b6f4,Dylan Dsouza,2025-10-21,01:55:36,-07:00,2025-10-21T01:55:36-07:00,1,1
index.js,15,js,6665b6f4,Dylan Dsouza,2025-10-21,01:55:36,-07:00,2025-10-21T01:55:36-07:00,2,14
index.js,16,js,6665b6f4,Dylan Dsouza,2025-10-21,01:55:36,-07:00,2025-10-21T01:55:36-07:00,2,28
index.js,17,js,6665b6f4,Dylan Dsouza,2025-10-21,01:55:36,-07:00,2025-10-21T01:55:36-07:00,1,2
index.js,18,js,6665b6f4,Dylan Dsouza,2025-10-21,01:55:36,-07:00,2025-10-21T01:55:36-07:00,1,1
index.js,19,js,6665b6f4,Dylan Dsouza,2025-10-21,01:55:36,-07:00,2025-10-21T01:55:36-07:00,2,14
index.js,20,js,6665b6f4,Dylan Dsouza,2025-10-21,01:55:36,-07:00,2025-10-21T01:55:36-07:00,2,28
index.js,21,js,6665b6f4,Dylan Dsouza,2025-10-21,01:55:36,-07:00,2025-10-21T01:55:36-07:00,1,2
index.js,22,js,6665b6f4,Dylan Dsouza,2025-10-21,01:55:36,-07:00,2025-10-21T01:55:36-07:00,1,1
index.js,23,js,6665b6f4,Dylan Dsouza,2025-10-21,01:55:36,-07:00,2025-10-21T01:55:36-07:00,2,17
index.js,24,js,6665b6f4,Dylan Dsouza,2025-10-21,01:55:36,-07:00,2025-10-21T01:55:36-07:00,2,31
index.js,25,js,6665b6f4,Dylan Dsouza,2025-10-21,01:55:36,-07:00,2025-10-21T01:55:36-07:00,1,2
index.js,26,js,6665b6f4,Dylan Dsouza,2025-10-21,01:55:36,-07:00,2025-10-21T01:55:36-07:00,1,1
index.js,27,js,6665b6f4,Dylan Dsouza,2025-10-21,01:55:36,-07:00,2025-10-21T01:55:36-07:00,2,17
index.js,28,js,6665b6f4,Dylan Dsouza,2025-10-21,01:55:36,-07:00,2025-10-21T01:55:36-07:00,2,31
index.js,29,js,6665b6f4,Dylan Dsouza,2025-10-21,01:55:36,-07:00,2025-10-21T01:55:36-07:00,1,2
index.js,30,js,6665b6f4,Dylan Dsouza,2025-10-21,01:55:36,-07:00,2025-10-21T01:55:36-07:00,1,1
index.js,31,js,6665b6f4,Dylan Dsouza,2025-10-21,01:55:36,-07:00,2025-10-21T01:55:36-07:00,0,0
index.js,32,js,6665b6f4,Dylan Dsouza,2025-10-21,01:55:36,-07:00,2025-10-21T01:55:36-07:00,0,0
index.html,1,html,7c844baa,Dylan Dsouza,2025-09-29,07:09:41,-07:00,2025-09-29T07:09:41-07:00,0,11
index.html,2,html,7c844baa,Dylan Dsouza,2025-09-29,07:09:41,-07:00,2025-09-29T07:09:41-07:00,0,12
index.html,3,html,7c844baa,Dylan Dsouza,2025-09-29,07:09:41,-07:00,2025-09-29T07:09:41-07:00,0,2
index.html,4,html,7c844baa,Dylan Dsouza,2025-09-29,07:09:41,-07:00,2025-09-29T07:09:41-07:00,1,18
index.html,5,html,7c844baa,Dylan Dsouza,2025-09-29,07:09:41,-07:00,2025-09-29T07:09:41-07:00,1,66
index.html,6,html,7c844baa,Dylan Dsouza,2025-09-29,07:09:41,-07:00,2025-09-29T07:09:41-07:00,1,52
index.html,7,html,4e256484,Dylan Dsouza,2025-09-29,07:56:12,-07:00,2025-09-29T07:56:12-07:00,1,52
index.html,8,html,7c844baa,Dylan Dsouza,2025-09-29,07:09:41,-07:00,2025-09-29T07:09:41-07:00,0,3
index.html,9,html,7c844baa,Dylan Dsouza,2025-09-29,07:09:41,-07:00,2025-09-29T07:09:41-07:00,0,2
index.html,10,html,7c844baa,Dylan Dsouza,2025-09-29,07:09:41,-07:00,2025-09-29T07:09:41-07:00,1,17
index.html,11,html,4e256484,Dylan Dsouza,2025-09-29,07:56:12,-07:00,2025-09-29T07:56:12-07:00,1,88
index.html,12,html,f281f3c4,Dylan Dsouza,2025-10-04,19:11:59,-07:00,2025-10-04T19:11:59-07:00,1,77
index.html,13,html,6665b6f4,Dylan Dsouza,2025-10-21,01:55:36,-07:00,2025-10-21T01:55:36-07:00,1,17
index.html,14,html,6665b6f4,Dylan Dsouza,2025-10-21,01:55:36,-07:00,2025-10-21T01:55:36-07:00,1,20
index.html,15,html,6665b6f4,Dylan Dsouza,2025-10-21,01:55:36,-07:00,2025-10-21T01:55:36-07:00,1,2
index.html,16,html,6665b6f4,Dylan Dsouza,2025-10-21,01:55:36,-07:00,2025-10-21T01:55:36-07:00,0,0
index.html,17,html,6665b6f4,Dylan Dsouza,2025-10-21,01:55:36,-07:00,2025-10-21T01:55:36-07:00,1,20
index.html,18,html,6665b6f4,Dylan Dsouza,2025-10-21,01:55:36,-07:00,2025-10-21T01:55:36-07:00,1,18
index.html,19,html,6665b6f4,Dylan Dsouza,2025-10-21,01:55:36,-07:00,2025-10-21T01:55:36-07:00,1,47
index.html,20,html,6665b6f4,Dylan Dsouza,2025-10-21,01:55:36,-07:00,2025-10-21T01:55:36-07:00,1,2
index.html,21,html,d74f3d5c,Dylan Dsouza,2025-10-17,11:39:52,-07:00,2025-10-17T11:39:52-07:00,1,43
index.html,22,html,6665b6f4,Dylan Dsouza,2025-10-21,01:55:36,-07:00,2025-10-21T01:55:36-07:00,1,48
index.html,23,html,7c844baa,Dylan Dsouza,2025-09-29,07:09:41,-07:00,2025-09-29T07:09:41-07:00,0,3
index.html,24,html,7c844baa,Dylan Dsouza,2025-09-29,07:09:41,-07:00,2025-09-29T07:09:41-07:00,0,3
global.js,1,js,d74f3d5c,Dylan Dsouza,2025-10-17,11:39:52,-07:00,2025-10-17T11:39:52-07:00,0,23
global.js,2,js,d74f3d5c,Dylan Dsouza,2025-10-17,11:39:52,-07:00,2025-10-17T11:39:52-07:00,0,0
global.js,3,js,d74f3d5c,Dylan Dsouza,2025-10-17,11:39:52,-07:00,2025-10-17T11:39:52-07:00,0,39
global.js,4,js,d74f3d5c,Dylan Dsouza,2025-10-17,11:39:52,-07:00,2025-10-17T11:39:52-07:00,0,50
global.js,5,js,d74f3d5c,Dylan Dsouza,2025-10-17,11:39:52,-07:00,2025-10-17T11:39:52-07:00,0,0
global.js,6,js,d74f3d5c,Dylan Dsouza,2025-10-17,11:39:52,-07:00,2025-10-17T11:39:52-07:00,0,0
global.js,7,js,d74f3d5c,Dylan Dsouza,2025-10-17,11:39:52,-07:00,2025-10-17T11:39:52-07:00,0,28
global.js,8,js,d74f3d5c,Dylan Dsouza,2025-10-17,11:39:52,-07:00,2025-10-17T11:39:52-07:00,0,0
global.js,9,js,d74f3d5c,Dylan Dsouza,2025-10-17,11:39:52,-07:00,2025-10-17T11:39:52-07:00,0,31
global.js,10,js,d74f3d5c,Dylan Dsouza,2025-10-17,11:39:52,-07:00,2025-10-17T11:39:52-07:00,0,69
global.js,11,js,d74f3d5c,Dylan Dsouza,2025-10-17,11:39:52,-07:00,2025-10-17T11:39:52-07:00,0,1
global.js,12,js,d74f3d5c,Dylan Dsouza,2025-10-17,11:39:52,-07:00,2025-10-17T11:39:52-07:00,0,0
global.js,13,js,d74f3d5c,Dylan Dsouza,2025-10-17,11:39:52,-07:00,2025-10-17T11:39:52-07:00,0,37
global.js,14,js,d74f3d5c,Dylan Dsouza,2025-10-17,11:39:52,-07:00,2025-10-17T11:39:52-07:00,0,0
global.js,15,js,d74f3d5c,Dylan Dsouza,2025-10-17,11:39:52,-07:00,2025-10-17T11:39:52-07:00,0,9
global.js,16,js,d74f3d5c,Dylan Dsouza,2025-10-17,11:39:52,-07:00,2025-10-17T11:39:52-07:00,0,23
global.js,17,js,d74f3d5c,Dylan Dsouza,2025-10-17,11:39:52,-07:00,2025-10-17T11:39:52-07:00,0,36
global.js,18,js,d74f3d5c,Dylan Dsouza,2025-10-17,11:39:52,-07:00,2025-10-17T11:39:52-07:00,0,32
global.js,19,js,d74f3d5c,Dylan Dsouza,2025-10-17,11:39:52,-07:00,2025-10-17T11:39:52-07:00,0,33
global.js,20,js,00000000,Not Committed Yet,2025-11-03,10:22:01,-08:00,2025-11-03T10:22:01-08:00,0,27
global.js,21,js,d74f3d5c,Dylan Dsouza,2025-10-17,11:39:52,-07:00,2025-10-17T11:39:52-07:00,0,57
global.js,22,js,d74f3d5c,Dylan Dsouza,2025-10-17,11:39:52,-07:00,2025-10-17T11:39:52-07:00,0,30
global.js,23,js,d74f3d5c,Dylan Dsouza,2025-10-17,11:39:52,-07:00,2025-10-17T11:39:52-07:00,0,0
global.js,24,js,d74f3d5c,Dylan Dsouza,2025-10-17,11:39:52,-07:00,2025-10-17T11:39:52-07:00,0,0
global.js,25,js,ebe2ca31,Dylan Dsouza,2025-10-21,11:05:28,-07:00,2025-10-21T11:05:28-07:00,0,93
global.js,26,js,d74f3d5c,Dylan Dsouza,2025-10-17,11:39:52,-07:00,2025-10-17T11:39:52-07:00,0,34
global.js,27,js,d74f3d5c,Dylan Dsouza,2025-10-17,11:39:52,-07:00,2025-10-17T11:39:52-07:00,0,46
global.js,28,js,d74f3d5c,Dylan Dsouza,2025-10-17,11:39:52,-07:00,2025-10-17T11:39:52-07:00,0,0
global.js,29,js,d74f3d5c,Dylan Dsouza,2025-10-17,11:39:52,-07:00,2025-10-17T11:39:52-07:00,0,36
global.js,30,js,d74f3d5c,Dylan Dsouza,2025-10-17,11:39:52,-07:00,2025-10-17T11:39:52-07:00,0,23
global.js,31,js,d74f3d5c,Dylan Dsouza,2025-10-17,11:39:52,-07:00,2025-10-17T11:39:52-07:00,0,0
global.js,32,js,d74f3d5c,Dylan Dsouza,2025-10-17,11:39:52,-07:00,2025-10-17T11:39:52-07:00,0,18
global.js,33,js,d74f3d5c,Dylan Dsouza,2025-10-17,11:39:52,-07:00,2025-10-17T11:39:52-07:00,0,12
global.js,34,js,d74f3d5c,Dylan Dsouza,2025-10-17,11:39:52,-07:00,2025-10-17T11:39:52-07:00,0,50
global.js,35,js,d74f3d5c,Dylan Dsouza,2025-10-17,11:39:52,-07:00,2025-10-17T11:39:52-07:00,0,16
global.js,36,js,d74f3d5c,Dylan Dsouza,2025-10-17,11:39:52,-07:00,2025-10-17T11:39:52-07:00,0,0
global.js,37,js,d74f3d5c,Dylan Dsouza,2025-10-17,11:39:52,-07:00,2025-10-17T11:39:52-07:00,0,39
global.js,38,js,d74f3d5c,Dylan Dsouza,2025-10-17,11:39:52,-07:00,2025-10-17T11:39:52-07:00,0,0
global.js,39,js,d74f3d5c,Dylan Dsouza,2025-10-17,11:39:52,-07:00,2025-10-17T11:39:52-07:00,0,32
global.js,40,js,d74f3d5c,Dylan Dsouza,2025-10-17,11:39:52,-07:00,2025-10-17T11:39:52-07:00,0,9
global.js,41,js,d74f3d5c,Dylan Dsouza,2025-10-17,11:39:52,-07:00,2025-10-17T11:39:52-07:00,0,18
global.js,42,js,d74f3d5c,Dylan Dsouza,2025-10-17,11:39:52,-07:00,2025-10-17T11:39:52-07:00,0,0
global.js,43,js,d74f3d5c,Dylan Dsouza,2025-10-17,11:39:52,-07:00,2025-10-17T11:39:52-07:00,0,63
global.js,44,js,d74f3d5c,Dylan Dsouza,2025-10-17,11:39:52,-07:00,2025-10-17T11:39:52-07:00,1,23
global.js,45,js,d74f3d5c,Dylan Dsouza,2025-10-17,11:39:52,-07:00,2025-10-17T11:39:52-07:00,0,0
global.js,46,js,d74f3d5c,Dylan Dsouza,2025-10-17,11:39:52,-07:00,2025-10-17T11:39:52-07:00,0,26
global.js,47,js,d74f3d5c,Dylan Dsouza,2025-10-17,11:39:52,-07:00,2025-10-17T11:39:52-07:00,1,16
global.js,48,js,d74f3d5c,Dylan Dsouza,2025-10-17,11:39:52,-07:00,2025-10-17T11:39:52-07:00,0,0
global.js,49,js,d74f3d5c,Dylan Dsouza,2025-10-17,11:39:52,-07:00,2025-10-17T11:39:52-07:00,0,10
global.js,50,js,d74f3d5c,Dylan Dsouza,2025-10-17,11:39:52,-07:00,2025-10-17T11:39:52-07:00,0,0
global.js,51,js,d74f3d5c,Dylan Dsouza,2025-10-17,11:39:52,-07:00,2025-10-17T11:39:52-07:00,0,0
global.js,52,js,d74f3d5c,Dylan Dsouza,2025-10-17,11:39:52,-07:00,2025-10-17T11:39:52-07:00,0,29
global.js,53,js,d74f3d5c,Dylan Dsouza,2025-10-17,11:39:52,-07:00,2025-10-17T11:39:52-07:00,0,9
global.js,54,js,d74f3d5c,Dylan Dsouza,2025-10-17,11:39:52,-07:00,2025-10-17T11:39:52-07:00,0,0
global.js,55,js,d74f3d5c,Dylan Dsouza,2025-10-17,11:39:52,-07:00,2025-10-17T11:39:52-07:00,0,24
global.js,56,js,d74f3d5c,Dylan Dsouza,2025-10-17,11:39:52,-07:00,2025-10-17T11:39:52-07:00,0,2
global.js,57,js,d74f3d5c,Dylan Dsouza,2025-10-17,11:39:52,-07:00,2025-10-17T11:39:52-07:00,0,4
global.js,58,js,d74f3d5c,Dylan Dsouza,2025-10-17,11:39:52,-07:00,2025-10-17T11:39:52-07:00,0,41
global.js,59,js,d74f3d5c,Dylan Dsouza,2025-10-17,11:39:52,-07:00,2025-10-17T11:39:52-07:00,1,32
global.js,60,js,d74f3d5c,Dylan Dsouza,2025-10-17,11:39:52,-07:00,2025-10-17T11:39:52-07:00,1,30
global.js,61,js,d74f3d5c,Dylan Dsouza,2025-10-17,11:39:52,-07:00,2025-10-17T11:39:52-07:00,0,5
global.js,62,js,d74f3d5c,Dylan Dsouza,2025-10-17,11:39:52,-07:00,2025-10-17T11:39:52-07:00,0,6
global.js,63,js,d74f3d5c,Dylan Dsouza,2025-10-17,11:39:52,-07:00,2025-10-17T11:39:52-07:00,0,0
global.js,64,js,d74f3d5c,Dylan Dsouza,2025-10-17,11:39:52,-07:00,2025-10-17T11:39:52-07:00,0,0
global.js,65,js,d74f3d5c,Dylan Dsouza,2025-10-17,11:39:52,-07:00,2025-10-17T11:39:52-07:00,0,58
global.js,66,js,d74f3d5c,Dylan Dsouza,2025-10-17,11:39:52,-07:00,2025-10-17T11:39:52-07:00,0,0
global.js,67,js,d74f3d5c,Dylan Dsouza,2025-10-17,11:39:52,-07:00,2025-10-17T11:39:52-07:00,0,34
global.js,68,js,d74f3d5c,Dylan Dsouza,2025-10-17,11:39:52,-07:00,2025-10-17T11:39:52-07:00,0,68
global.js,69,js,d74f3d5c,Dylan Dsouza,2025-10-17,11:39:52,-07:00,2025-10-17T11:39:52-07:00,0,23
global.js,70,js,d74f3d5c,Dylan Dsouza,2025-10-17,11:39:52,-07:00,2025-10-17T11:39:52-07:00,0,0
global.js,71,js,d74f3d5c,Dylan Dsouza,2025-10-17,11:39:52,-07:00,2025-10-17T11:39:52-07:00,0,0
global.js,72,js,d74f3d5c,Dylan Dsouza,2025-10-17,11:39:52,-07:00,2025-10-17T11:39:52-07:00,0,32
global.js,73,js,d74f3d5c,Dylan Dsouza,2025-10-17,11:39:52,-07:00,2025-10-17T11:39:52-07:00,0,37
global.js,74,js,d74f3d5c,Dylan Dsouza,2025-10-17,11:39:52,-07:00,2025-10-17T11:39:52-07:00,0,0
global.js,75,js,d74f3d5c,Dylan Dsouza,2025-10-17,11:39:52,-07:00,2025-10-17T11:39:52-07:00,0,0
global.js,76,js,d74f3d5c,Dylan Dsouza,2025-10-17,11:39:52,-07:00,2025-10-17T11:39:52-07:00,0,47
global.js,77,js,d74f3d5c,Dylan Dsouza,2025-10-17,11:39:52,-07:00,2025-10-17T11:39:52-07:00,0,55
global.js,78,js,d74f3d5c,Dylan Dsouza,2025-10-17,11:39:52,-07:00,2025-10-17T11:39:52-07:00,0,31
global.js,79,js,d74f3d5c,Dylan Dsouza,2025-10-17,11:39:52,-07:00,2025-10-17T11:39:52-07:00,0,42
global.js,80,js,d74f3d5c,Dylan Dsouza,2025-10-17,11:39:52,-07:00,2025-10-17T11:39:52-07:00,0,0
global.js,81,js,d74f3d5c,Dylan Dsouza,2025-10-17,11:39:52,-07:00,2025-10-17T11:39:52-07:00,0,0
global.js,82,js,d74f3d5c,Dylan Dsouza,2025-10-17,11:39:52,-07:00,2025-10-17T11:39:52-07:00,0,40
global.js,83,js,d74f3d5c,Dylan Dsouza,2025-10-17,11:39:52,-07:00,2025-10-17T11:39:52-07:00,0,0
global.js,84,js,d74f3d5c,Dylan Dsouza,2025-10-17,11:39:52,-07:00,2025-10-17T11:39:52-07:00,0,46
global.js,85,js,d74f3d5c,Dylan Dsouza,2025-10-17,11:39:52,-07:00,2025-10-17T11:39:52-07:00,0,19
global.js,86,js,d74f3d5c,Dylan Dsouza,2025-10-17,11:39:52,-07:00,2025-10-17T11:39:52-07:00,0,26
global.js,87,js,d74f3d5c,Dylan Dsouza,2025-10-17,11:39:52,-07:00,2025-10-17T11:39:52-07:00,0,18
global.js,88,js,d74f3d5c,Dylan Dsouza,2025-10-17,11:39:52,-07:00,2025-10-17T11:39:52-07:00,0,12
global.js,89,js,d74f3d5c,Dylan Dsouza,2025-10-17,11:39:52,-07:00,2025-10-17T11:39:52-07:00,0,29
global.js,90,js,d74f3d5c,Dylan Dsouza,2025-10-17,11:39:52,-07:00,2025-10-17T11:39:52-07:00,1,48
global.js,91,js,d74f3d5c,Dylan Dsouza,2025-10-17,11:39:52,-07:00,2025-10-17T11:39:52-07:00,0,0
global.js,92,js,d74f3d5c,Dylan Dsouza,2025-10-17,11:39:52,-07:00,2025-10-17T11:39:52-07:00,0,0
global.js,93,js,d74f3d5c,Dylan Dsouza,2025-10-17,11:39:52,-07:00,2025-10-17T11:39:52-07:00,0,26
global.js,94,js,d74f3d5c,Dylan Dsouza,2025-10-17,11:39:52,-07:00,2025-10-17T11:39:52-07:00,0,16
global.js,95,js,6665b6f4,Dylan Dsouza,2025-10-21,01:55:36,-07:00,2025-10-21T01:55:36-07:00,0,0
global.js,96,js,6665b6f4,Dylan Dsouza,2025-10-21,01:55:36,-07:00,2025-10-21T01:55:36-07:00,0,0
global.js,97,js,6665b6f4,Dylan Dsouza,2025-10-21,01:55:36,-07:00,2025-10-21T01:55:36-07:00,0,34
global.js,98,js,6665b6f4,Dylan Dsouza,2025-10-21,01:55:36,-07:00,2025-10-21T01:55:36-07:00,0,1
global.js,99,js,6665b6f4,Dylan Dsouza,2025-10-21,01:55:36,-07:00,2025-10-21T01:55:36-07:00,1,37
global.js,100,js,6665b6f4,Dylan Dsouza,2025-10-21,01:55:36,-07:00,2025-10-21T01:55:36-07:00,1,30
global.js,101,js,6665b6f4,Dylan Dsouza,2025-10-21,01:55:36,-07:00,2025-10-21T01:55:36-07:00,1,15
global.js,102,js,6665b6f4,Dylan Dsouza,2025-10-21,01:55:36,-07:00,2025-10-21T01:55:36-07:00,1,64
global.js,103,js,6665b6f4,Dylan Dsouza,2025-10-21,01:55:36,-07:00,2025-10-21T01:55:36-07:00,1,0
global.js,104,js,6665b6f4,Dylan Dsouza,2025-10-21,01:55:36,-07:00,2025-10-21T01:55:36-07:00,1,31
global.js,105,js,6665b6f4,Dylan Dsouza,2025-10-21,01:55:36,-07:00,2025-10-21T01:55:36-07:00,1,8
global.js,106,js,6665b6f4,Dylan Dsouza,2025-10-21,01:55:36,-07:00,2025-10-21T01:55:36-07:00,0,13
global.js,107,js,6665b6f4,Dylan Dsouza,2025-10-21,01:55:36,-07:00,2025-10-21T01:55:36-07:00,1,57
global.js,108,js,6665b6f4,Dylan Dsouza,2025-10-21,01:55:36,-07:00,2025-10-21T01:55:36-07:00,0,0
global.js,109,js,6665b6f4,Dylan Dsouza,2025-10-21,01:55:36,-07:00,2025-10-21T01:55:36-07:00,0,0
global.js,110,js,6665b6f4,Dylan Dsouza,2025-10-21,01:55:36,-07:00,2025-10-21T01:55:36-07:00,0,0
global.js,111,js,6665b6f4,Dylan Dsouza,2025-10-21,01:55:36,-07:00,2025-10-21T01:55:36-07:00,0,77
global.js,112,js,6665b6f4,Dylan Dsouza,2025-10-21,01:55:36,-07:00,2025-10-21T01:55:36-07:00,0,81
global.js,113,js,6665b6f4,Dylan Dsouza,2025-10-21,01:55:36,-07:00,2025-10-21T01:55:36-07:00,0,28
global.js,114,js,6665b6f4,Dylan Dsouza,2025-10-21,01:55:36,-07:00,2025-10-21T01:55:36-07:00,0,25
global.js,115,js,6665b6f4,Dylan Dsouza,2025-10-21,01:55:36,-07:00,2025-10-21T01:55:36-07:00,1,46
global.js,116,js,6665b6f4,Dylan Dsouza,2025-10-21,01:55:36,-07:00,2025-10-21T01:55:36-07:00,1,17
global.js,117,js,6665b6f4,Dylan Dsouza,2025-10-21,01:55:36,-07:00,2025-10-21T01:55:36-07:00,1,47
global.js,118,js,6665b6f4,Dylan Dsouza,2025-10-21,01:55:36,-07:00,2025-10-21T01:55:36-07:00,1,69
global.js,119,js,6ab35b26,Dylan Dsouza,2025-10-31,01:24:14,-07:00,2025-10-31T01:24:14-07:00,1,1
global.js,120,js,6ab35b26,Dylan Dsouza,2025-10-31,01:24:14,-07:00,2025-10-31T01:24:14-07:00,2,25
global.js,121,js,6ab35b26,Dylan Dsouza,2025-10-31,01:24:14,-07:00,2025-10-31T01:24:14-07:00,2,67
global.js,122,js,6ab35b26,Dylan Dsouza,2025-10-31,01:24:14,-07:00,2025-10-31T01:24:14-07:00,1,2
global.js,123,js,6665b6f4,Dylan Dsouza,2025-10-21,01:55:36,-07:00,2025-10-21T01:55:36-07:00,1,0
global.js,124,js,6665b6f4,Dylan Dsouza,2025-10-21,01:55:36,-07:00,2025-10-21T01:55:36-07:00,1,34
global.js,125,js,6665b6f4,Dylan Dsouza,2025-10-21,01:55:36,-07:00,2025-10-21T01:55:36-07:00,0,0
global.js,126,js,6665b6f4,Dylan Dsouza,2025-10-21,01:55:36,-07:00,2025-10-21T01:55:36-07:00,0,0
global.js,127,js,6665b6f4,Dylan Dsouza,2025-10-21,01:55:36,-07:00,2025-10-21T01:55:36-07:00,0,0
global.js,128,js,6665b6f4,Dylan Dsouza,2025-10-21,01:55:36,-07:00,2025-10-21T01:55:36-07:00,0,45
global.js,129,js,6665b6f4,Dylan Dsouza,2025-10-21,01:55:36,-07:00,2025-10-21T01:55:36-07:00,0,20
global.js,130,js,6665b6f4,Dylan Dsouza,2025-10-21,01:55:36,-07:00,2025-10-21T01:55:36-07:00,0,57
global.js,131,js,6665b6f4,Dylan Dsouza,2025-10-21,01:55:36,-07:00,2025-10-21T01:55:36-07:00,0,0
resume\index.html,1,html,4e256484,Dylan Dsouza,2025-09-29,07:56:12,-07:00,2025-09-29T07:56:12-07:00,0,11
resume\index.html,2,html,4e256484,Dylan Dsouza,2025-09-29,07:56:12,-07:00,2025-09-29T07:56:12-07:00,0,12
resume\index.html,3,html,4e256484,Dylan Dsouza,2025-09-29,07:56:12,-07:00,2025-09-29T07:56:12-07:00,0,2
resume\index.html,4,html,4e256484,Dylan Dsouza,2025-09-29,07:56:12,-07:00,2025-09-29T07:56:12-07:00,1,18
resume\index.html,5,html,4e256484,Dylan Dsouza,2025-09-29,07:56:12,-07:00,2025-09-29T07:56:12-07:00,1,66
resume\index.html,6,html,4e256484,Dylan Dsouza,2025-09-29,07:56:12,-07:00,2025-09-29T07:56:12-07:00,1,22
resume\index.html,7,html,4e256484,Dylan Dsouza,2025-09-29,07:56:12,-07:00,2025-09-29T07:56:12-07:00,1,55
resume\index.html,8,html,4e256484,Dylan Dsouza,2025-09-29,07:56:12,-07:00,2025-09-29T07:56:12-07:00,0,3
resume\index.html,9,html,4e256484,Dylan Dsouza,2025-09-29,07:56:12,-07:00,2025-09-29T07:56:12-07:00,0,2
resume\index.html,10,html,4e256484,Dylan Dsouza,2025-09-29,07:56:12,-07:00,2025-09-29T07:56:12-07:00,1,11
resume\index.html,11,html,4e256484,Dylan Dsouza,2025-09-29,07:56:12,-07:00,2025-09-29T07:56:12-07:00,0,12
resume\index.html,12,html,4e256484,Dylan Dsouza,2025-09-29,07:56:12,-07:00,2025-09-29T07:56:12-07:00,0,2
resume\index.html,13,html,4e256484,Dylan Dsouza,2025-09-29,07:56:12,-07:00,2025-09-29T07:56:12-07:00,1,18
resume\index.html,14,html,4e256484,Dylan Dsouza,2025-09-29,07:56:12,-07:00,2025-09-29T07:56:12-07:00,1,32
resume\index.html,15,html,4e256484,Dylan Dsouza,2025-09-29,07:56:12,-07:00,2025-09-29T07:56:12-07:00,0,3
resume\index.html,16,html,4e256484,Dylan Dsouza,2025-09-29,07:56:12,-07:00,2025-09-29T07:56:12-07:00,0,2
resume\index.html,17,html,4e256484,Dylan Dsouza,2025-09-29,07:56:12,-07:00,2025-09-29T07:56:12-07:00,0,0
resume\index.html,18,html,4e256484,Dylan Dsouza,2025-09-29,07:56:12,-07:00,2025-09-29T07:56:12-07:00,1,4
resume\index.html,19,html,4e256484,Dylan Dsouza,2025-09-29,07:56:12,-07:00,2025-09-29T07:56:12-07:00,2,17
resume\index.html,20,html,4e256484,Dylan Dsouza,2025-09-29,07:56:12,-07:00,2025-09-29T07:56:12-07:00,2,24
resume\index.html,21,html,4e256484,Dylan Dsouza,2025-09-29,07:56:12,-07:00,2025-09-29T07:56:12-07:00,2,0
resume\index.html,22,html,4e256484,Dylan Dsouza,2025-09-29,07:56:12,-07:00,2025-09-29T07:56:12-07:00,3,54
resume\index.html,23,html,4e256484,Dylan Dsouza,2025-09-29,07:56:12,-07:00,2025-09-29T07:56:12-07:00,3,68
resume\index.html,24,html,4e256484,Dylan Dsouza,2025-09-29,07:56:12,-07:00,2025-09-29T07:56:12-07:00,3,74
resume\index.html,25,html,4e256484,Dylan Dsouza,2025-09-29,07:56:12,-07:00,2025-09-29T07:56:12-07:00,3,64
resume\index.html,26,html,4e256484,Dylan Dsouza,2025-09-29,07:56:12,-07:00,2025-09-29T07:56:12-07:00,2,0
resume\index.html,27,html,4e256484,Dylan Dsouza,2025-09-29,07:56:12,-07:00,2025-09-29T07:56:12-07:00,1,5
resume\index.html,28,html,4e256484,Dylan Dsouza,2025-09-29,07:56:12,-07:00,2025-09-29T07:56:12-07:00,0,0
resume\index.html,29,html,4e256484,Dylan Dsouza,2025-09-29,07:56:12,-07:00,2025-09-29T07:56:12-07:00,1,5
resume\index.html,30,html,4e256484,Dylan Dsouza,2025-09-29,07:56:12,-07:00,2025-09-29T07:56:12-07:00,2,12
resume\index.html,31,html,4e256484,Dylan Dsouza,2025-09-29,07:56:12,-07:00,2025-09-29T07:56:12-07:00,2,304
resume\index.html,32,html,4e256484,Dylan Dsouza,2025-09-29,07:56:12,-07:00,2025-09-29T07:56:12-07:00,1,6
resume\index.html,33,html,4e256484,Dylan Dsouza,2025-09-29,07:56:12,-07:00,2025-09-29T07:56:12-07:00,0,0
resume\index.html,34,html,4e256484,Dylan Dsouza,2025-09-29,07:56:12,-07:00,2025-09-29T07:56:12-07:00,1,5
resume\index.html,35,html,4e256484,Dylan Dsouza,2025-09-29,07:56:12,-07:00,2025-09-29T07:56:12-07:00,2,14
resume\index.html,36,html,4e256484,Dylan Dsouza,2025-09-29,07:56:12,-07:00,2025-09-29T07:56:12-07:00,2,5
resume\index.html,37,html,4e256484,Dylan Dsouza,2025-09-29,07:56:12,-07:00,2025-09-29T07:56:12-07:00,3,38
resume\index.html,38,html,f281f3c4,Dylan Dsouza,2025-10-04,19:11:59,-07:00,2025-10-04T19:11:59-07:00,3,95
resume\index.html,39,html,f281f3c4,Dylan Dsouza,2025-10-04,19:11:59,-07:00,2025-10-04T19:11:59-07:00,3,133
resume\index.html,40,html,4e256484,Dylan Dsouza,2025-09-29,07:56:12,-07:00,2025-09-29T07:56:12-07:00,2,6
resume\index.html,41,html,4e256484,Dylan Dsouza,2025-09-29,07:56:12,-07:00,2025-09-29T07:56:12-07:00,1,6
resume\index.html,42,html,4e256484,Dylan Dsouza,2025-09-29,07:56:12,-07:00,2025-09-29T07:56:12-07:00,0,0
resume\index.html,43,html,4e256484,Dylan Dsouza,2025-09-29,07:56:12,-07:00,2025-09-29T07:56:12-07:00,1,5
resume\index.html,44,html,4e256484,Dylan Dsouza,2025-09-29,07:56:12,-07:00,2025-09-29T07:56:12-07:00,2,21
resume\index.html,45,html,4e256484,Dylan Dsouza,2025-09-29,07:56:12,-07:00,2025-09-29T07:56:12-07:00,2,5
resume\index.html,46,html,4e256484,Dylan Dsouza,2025-09-29,07:56:12,-07:00,2025-09-29T07:56:12-07:00,3,80
resume\index.html,47,html,4e256484,Dylan Dsouza,2025-09-29,07:56:12,-07:00,2025-09-29T07:56:12-07:00,3,131
resume\index.html,48,html,4e256484,Dylan Dsouza,2025-09-29,07:56:12,-07:00,2025-09-29T07:56:12-07:00,3,137
resume\index.html,49,html,4e256484,Dylan Dsouza,2025-09-29,07:56:12,-07:00,2025-09-29T07:56:12-07:00,2,6
resume\index.html,50,html,4e256484,Dylan Dsouza,2025-09-29,07:56:12,-07:00,2025-09-29T07:56:12-07:00,1,6
resume\index.html,51,html,4e256484,Dylan Dsouza,2025-09-29,07:56:12,-07:00,2025-09-29T07:56:12-07:00,0,0
resume\index.html,52,html,4e256484,Dylan Dsouza,2025-09-29,07:56:12,-07:00,2025-09-29T07:56:12-07:00,1,5
resume\index.html,53,html,4e256484,Dylan Dsouza,2025-09-29,07:56:12,-07:00,2025-09-29T07:56:12-07:00,2,15
resume\index.html,54,html,4e256484,Dylan Dsouza,2025-09-29,07:56:12,-07:00,2025-09-29T07:56:12-07:00,0,0
resume\index.html,55,html,4e256484,Dylan Dsouza,2025-09-29,07:56:12,-07:00,2025-09-29T07:56:12-07:00,2,5
resume\index.html,56,html,4e256484,Dylan Dsouza,2025-09-29,07:56:12,-07:00,2025-09-29T07:56:12-07:00,3,51
resume\index.html,57,html,f281f3c4,Dylan Dsouza,2025-10-04,19:11:59,-07:00,2025-10-04T19:11:59-07:00,3,129
resume\index.html,58,html,4e256484,Dylan Dsouza,2025-09-29,07:56:12,-07:00,2025-09-29T07:56:12-07:00,3,135
resume\index.html,59,html,4e256484,Dylan Dsouza,2025-09-29,07:56:12,-07:00,2025-09-29T07:56:12-07:00,2,6
resume\index.html,60,html,4e256484,Dylan Dsouza,2025-09-29,07:56:12,-07:00,2025-09-29T07:56:12-07:00,0,0
resume\index.html,61,html,4e256484,Dylan Dsouza,2025-09-29,07:56:12,-07:00,2025-09-29T07:56:12-07:00,2,5
resume\index.html,62,html,4e256484,Dylan Dsouza,2025-09-29,07:56:12,-07:00,2025-09-29T07:56:12-07:00,3,34
resume\index.html,63,html,f281f3c4,Dylan Dsouza,2025-10-04,19:11:59,-07:00,2025-10-04T19:11:59-07:00,3,136
resume\index.html,64,html,4e256484,Dylan Dsouza,2025-09-29,07:56:12,-07:00,2025-09-29T07:56:12-07:00,3,157
resume\index.html,65,html,4e256484,Dylan Dsouza,2025-09-29,07:56:12,-07:00,2025-09-29T07:56:12-07:00,2,6
resume\index.html,66,html,4e256484,Dylan Dsouza,2025-09-29,07:56:12,-07:00,2025-09-29T07:56:12-07:00,0,0
resume\index.html,67,html,4e256484,Dylan Dsouza,2025-09-29,07:56:12,-07:00,2025-09-29T07:56:12-07:00,2,5
resume\index.html,68,html,4e256484,Dylan Dsouza,2025-09-29,07:56:12,-07:00,2025-09-29T07:56:12-07:00,3,21
resume\index.html,69,html,f281f3c4,Dylan Dsouza,2025-10-04,19:11:59,-07:00,2025-10-04T19:11:59-07:00,3,113
resume\index.html,70,html,4e256484,Dylan Dsouza,2025-09-29,07:56:12,-07:00,2025-09-29T07:56:12-07:00,3,133
resume\index.html,71,html,4e256484,Dylan Dsouza,2025-09-29,07:56:12,-07:00,2025-09-29T07:56:12-07:00,2,6
resume\index.html,72,html,4e256484,Dylan Dsouza,2025-09-29,07:56:12,-07:00,2025-09-29T07:56:12-07:00,0,0
resume\index.html,73,html,4e256484,Dylan Dsouza,2025-09-29,07:56:12,-07:00,2025-09-29T07:56:12-07:00,2,5
resume\index.html,74,html,4e256484,Dylan Dsouza,2025-09-29,07:56:12,-07:00,2025-09-29T07:56:12-07:00,3,43
resume\index.html,75,html,f281f3c4,Dylan Dsouza,2025-10-04,19:11:59,-07:00,2025-10-04T19:11:59-07:00,3,106
resume\index.html,76,html,4e256484,Dylan Dsouza,2025-09-29,07:56:12,-07:00,2025-09-29T07:56:12-07:00,3,145
resume\index.html,77,html,4e256484,Dylan Dsouza,2025-09-29,07:56:12,-07:00,2025-09-29T07:56:12-07:00,2,6
resume\index.html,78,html,4e256484,Dylan Dsouza,2025-09-29,07:56:12,-07:00,2025-09-29T07:56:12-07:00,1,6
resume\index.html,79,html,4e256484,Dylan Dsouza,2025-09-29,07:56:12,-07:00,2025-09-29T07:56:12-07:00,0,0
resume\index.html,80,html,4e256484,Dylan Dsouza,2025-09-29,07:56:12,-07:00,2025-09-29T07:56:12-07:00,1,5
resume\index.html,81,html,4e256484,Dylan Dsouza,2025-09-29,07:56:12,-07:00,2025-09-29T07:56:12-07:00,2,13
resume\index.html,82,html,4e256484,Dylan Dsouza,2025-09-29,07:56:12,-07:00,2025-09-29T07:56:12-07:00,0,0
resume\index.html,83,html,4e256484,Dylan Dsouza,2025-09-29,07:56:12,-07:00,2025-09-29T07:56:12-07:00,2,5
resume\index.html,84,html,f281f3c4,Dylan Dsouza,2025-10-04,19:11:59,-07:00,2025-10-04T19:11:59-07:00,3,134
resume\index.html,85,html,4e256484,Dylan Dsouza,2025-09-29,07:56:12,-07:00,2025-09-29T07:56:12-07:00,3,130
resume\index.html,86,html,4e256484,Dylan Dsouza,2025-09-29,07:56:12,-07:00,2025-09-29T07:56:12-07:00,3,61
resume\index.html,87,html,4e256484,Dylan Dsouza,2025-09-29,07:56:12,-07:00,2025-09-29T07:56:12-07:00,2,6
resume\index.html,88,html,4e256484,Dylan Dsouza,2025-09-29,07:56:12,-07:00,2025-09-29T07:56:12-07:00,0,0
resume\index.html,89,html,4e256484,Dylan Dsouza,2025-09-29,07:56:12,-07:00,2025-09-29T07:56:12-07:00,2,5
resume\index.html,90,html,f281f3c4,Dylan Dsouza,2025-10-04,19:11:59,-07:00,2025-10-04T19:11:59-07:00,3,132
resume\index.html,91,html,4e256484,Dylan Dsouza,2025-09-29,07:56:12,-07:00,2025-09-29T07:56:12-07:00,3,127
resume\index.html,92,html,4e256484,Dylan Dsouza,2025-09-29,07:56:12,-07:00,2025-09-29T07:56:12-07:00,3,80
resume\index.html,93,html,4e256484,Dylan Dsouza,2025-09-29,07:56:12,-07:00,2025-09-29T07:56:12-07:00,2,6
resume\index.html,94,html,4e256484,Dylan Dsouza,2025-09-29,07:56:12,-07:00,2025-09-29T07:56:12-07:00,1,6
resume\index.html,95,html,d74f3d5c,Dylan Dsouza,2025-10-17,11:39:52,-07:00,2025-10-17T11:39:52-07:00,1,46
resume\index.html,96,html,4e256484,Dylan Dsouza,2025-09-29,07:56:12,-07:00,2025-09-29T07:56:12-07:00,0,3
resume\index.html,97,html,4e256484,Dylan Dsouza,2025-09-29,07:56:12,-07:00,2025-09-29T07:56:12-07:00,0,3
projects\projects.js,1,js,62732edd,Dylan Dsouza,2025-10-21,11:55:06,-07:00,2025-10-21T11:55:06-07:00,0,53
projects\projects.js,2,js,6ab35b26,Dylan Dsouza,2025-10-31,01:24:14,-07:00,2025-10-31T01:24:14-07:00,0,61
projects\projects.js,3,js,62732edd,Dylan Dsouza,2025-10-21,11:55:06,-07:00,2025-10-21T11:55:06-07:00,0,53
projects\projects.js,4,js,6665b6f4,Dylan Dsouza,2025-10-21,01:55:36,-07:00,2025-10-21T01:55:36-07:00,0,58
projects\projects.js,5,js,6665b6f4,Dylan Dsouza,2025-10-21,01:55:36,-07:00,2025-10-21T01:55:36-07:00,0,60
projects\projects.js,6,js,6665b6f4,Dylan Dsouza,2025-10-21,01:55:36,-07:00,2025-10-21T01:55:36-07:00,0,54
projects\projects.js,7,js,6ab35b26,Dylan Dsouza,2025-10-31,01:24:14,-07:00,2025-10-31T01:24:14-07:00,0,46
projects\projects.js,8,js,6ab35b26,Dylan Dsouza,2025-10-31,01:24:14,-07:00,2025-10-31T01:24:14-07:00,0,0
projects\projects.js,9,js,6ab35b26,Dylan Dsouza,2025-10-31,01:24:14,-07:00,2025-10-31T01:24:14-07:00,0,23
projects\projects.js,10,js,6ab35b26,Dylan Dsouza,2025-10-31,01:24:14,-07:00,2025-10-31T01:24:14-07:00,0,30
projects\projects.js,11,js,6ab35b26,Dylan Dsouza,2025-10-31,01:24:14,-07:00,2025-10-31T01:24:14-07:00,0,45
projects\projects.js,12,js,6ab35b26,Dylan Dsouza,2025-10-31,01:24:14,-07:00,2025-10-31T01:24:14-07:00,0,0
projects\projects.js,13,js,6ab35b26,Dylan Dsouza,2025-10-31,01:24:14,-07:00,2025-10-31T01:24:14-07:00,0,58
projects\projects.js,14,js,6ab35b26,Dylan Dsouza,2025-10-31,01:24:14,-07:00,2025-10-31T01:24:14-07:00,0,23
projects\projects.js,15,js,6ab35b26,Dylan Dsouza,2025-10-31,01:24:14,-07:00,2025-10-31T01:24:14-07:00,0,15
projects\projects.js,16,js,6ab35b26,Dylan Dsouza,2025-10-31,01:24:14,-07:00,2025-10-31T01:24:14-07:00,0,23
projects\projects.js,17,js,6ab35b26,Dylan Dsouza,2025-10-31,01:24:14,-07:00,2025-10-31T01:24:14-07:00,0,2
projects\projects.js,18,js,6ab35b26,Dylan Dsouza,2025-10-31,01:24:14,-07:00,2025-10-31T01:24:14-07:00,0,0
projects\projects.js,19,js,6ab35b26,Dylan Dsouza,2025-10-31,01:24:14,-07:00,2025-10-31T01:24:14-07:00,0,27
projects\projects.js,20,js,6ab35b26,Dylan Dsouza,2025-10-31,01:24:14,-07:00,2025-10-31T01:24:14-07:00,0,10
projects\projects.js,21,js,6ab35b26,Dylan Dsouza,2025-10-31,01:24:14,-07:00,2025-10-31T01:24:14-07:00,0,17
projects\projects.js,22,js,6ab35b26,Dylan Dsouza,2025-10-31,01:24:14,-07:00,2025-10-31T01:24:14-07:00,0,15
projects\projects.js,23,js,6ab35b26,Dylan Dsouza,2025-10-31,01:24:14,-07:00,2025-10-31T01:24:14-07:00,0,1
projects\projects.js,24,js,6ab35b26,Dylan Dsouza,2025-10-31,01:24:14,-07:00,2025-10-31T01:24:14-07:00,0,0
projects\projects.js,25,js,6ab35b26,Dylan Dsouza,2025-10-31,01:24:14,-07:00,2025-10-31T01:24:14-07:00,0,45
projects\projects.js,26,js,6ab35b26,Dylan Dsouza,2025-10-31,01:24:14,-07:00,2025-10-31T01:24:14-07:00,0,38
projects\projects.js,27,js,6ab35b26,Dylan Dsouza,2025-10-31,01:24:14,-07:00,2025-10-31T01:24:14-07:00,0,2
projects\projects.js,28,js,6ab35b26,Dylan Dsouza,2025-10-31,01:24:14,-07:00,2025-10-31T01:24:14-07:00,0,0
projects\projects.js,29,js,6ab35b26,Dylan Dsouza,2025-10-31,01:24:14,-07:00,2025-10-31T01:24:14-07:00,0,51
projects\projects.js,30,js,6ab35b26,Dylan Dsouza,2025-10-31,01:24:14,-07:00,2025-10-31T01:24:14-07:00,0,34
projects\projects.js,31,js,6ab35b26,Dylan Dsouza,2025-10-31,01:24:14,-07:00,2025-10-31T01:24:14-07:00,0,46
projects\projects.js,32,js,6ab35b26,Dylan Dsouza,2025-10-31,01:24:14,-07:00,2025-10-31T01:24:14-07:00,0,27
projects\projects.js,33,js,6ab35b26,Dylan Dsouza,2025-10-31,01:24:14,-07:00,2025-10-31T01:24:14-07:00,0,19
projects\projects.js,34,js,6ab35b26,Dylan Dsouza,2025-10-31,01:24:14,-07:00,2025-10-31T01:24:14-07:00,0,20
projects\projects.js,35,js,6ab35b26,Dylan Dsouza,2025-10-31,01:24:14,-07:00,2025-10-31T01:24:14-07:00,0,20
projects\projects.js,36,js,6ab35b26,Dylan Dsouza,2025-10-31,01:24:14,-07:00,2025-10-31T01:24:14-07:00,0,104
projects\projects.js,37,js,6ab35b26,Dylan Dsouza,2025-10-31,01:24:14,-07:00,2025-10-31T01:24:14-07:00,0,1
projects\projects.js,38,js,6ab35b26,Dylan Dsouza,2025-10-31,01:24:14,-07:00,2025-10-31T01:24:14-07:00,0,0
projects\projects.js,39,js,6ab35b26,Dylan Dsouza,2025-10-31,01:24:14,-07:00,2025-10-31T01:24:14-07:00,0,0
projects\projects.js,40,js,6ab35b26,Dylan Dsouza,2025-10-31,01:24:14,-07:00,2025-10-31T01:24:14-07:00,0,14
projects\projects.js,41,js,6ab35b26,Dylan Dsouza,2025-10-31,01:24:14,-07:00,2025-10-31T01:24:14-07:00,0,50
projects\projects.js,42,js,6ab35b26,Dylan Dsouza,2025-10-31,01:24:14,-07:00,2025-10-31T01:24:14-07:00,0,22
projects\projects.js,43,js,6ab35b26,Dylan Dsouza,2025-10-31,01:24:14,-07:00,2025-10-31T01:24:14-07:00,0,28
projects\projects.js,44,js,6ab35b26,Dylan Dsouza,2025-10-31,01:24:14,-07:00,2025-10-31T01:24:14-07:00,0,19
projects\projects.js,45,js,6ab35b26,Dylan Dsouza,2025-10-31,01:24:14,-07:00,2025-10-31T01:24:14-07:00,0,54
projects\projects.js,46,js,6ab35b26,Dylan Dsouza,2025-10-31,01:24:14,-07:00,2025-10-31T01:24:14-07:00,0,64
projects\projects.js,47,js,6ab35b26,Dylan Dsouza,2025-10-31,01:24:14,-07:00,2025-10-31T01:24:14-07:00,0,47
projects\projects.js,48,js,6ab35b26,Dylan Dsouza,2025-10-31,01:24:14,-07:00,2025-10-31T01:24:14-07:00,0,4
projects\projects.js,49,js,6ab35b26,Dylan Dsouza,2025-10-31,01:24:14,-07:00,2025-10-31T01:24:14-07:00,0,28
projects\projects.js,50,js,6ab35b26,Dylan Dsouza,2025-10-31,01:24:14,-07:00,2025-10-31T01:24:14-07:00,0,59
projects\projects.js,51,js,6ab35b26,Dylan Dsouza,2025-10-31,01:24:14,-07:00,2025-10-31T01:24:14-07:00,0,2
projects\projects.js,52,js,6ab35b26,Dylan Dsouza,2025-10-31,01:24:14,-07:00,2025-10-31T01:24:14-07:00,0,0
projects\projects.js,53,js,6ab35b26,Dylan Dsouza,2025-10-31,01:24:14,-07:00,2025-10-31T01:24:14-07:00,0,38
projects\projects.js,54,js,6ab35b26,Dylan Dsouza,2025-10-31,01:24:14,-07:00,2025-10-31T01:24:14-07:00,0,19
projects\projects.js,55,js,6ab35b26,Dylan Dsouza,2025-10-31,01:24:14,-07:00,2025-10-31T01:24:14-07:00,0,17
projects\projects.js,56,js,6ab35b26,Dylan Dsouza,2025-10-31,01:24:14,-07:00,2025-10-31T01:24:14-07:00,0,51
projects\projects.js,57,js,6ab35b26,Dylan Dsouza,2025-10-31,01:24:14,-07:00,2025-10-31T01:24:14-07:00,0,23
projects\projects.js,58,js,6ab35b26,Dylan Dsouza,2025-10-31,01:24:14,-07:00,2025-10-31T01:24:14-07:00,0,23
projects\projects.js,59,js,6ab35b26,Dylan Dsouza,2025-10-31,01:24:14,-07:00,2025-10-31T01:24:14-07:00,0,24
projects\projects.js,60,js,6ab35b26,Dylan Dsouza,2025-10-31,01:24:14,-07:00,2025-10-31T01:24:14-07:00,0,27
projects\projects.js,61,js,6ab35b26,Dylan Dsouza,2025-10-31,01:24:14,-07:00,2025-10-31T01:24:14-07:00,0,0
projects\projects.js,62,js,6ab35b26,Dylan Dsouza,2025-10-31,01:24:14,-07:00,2025-10-31T01:24:14-07:00,0,24
projects\projects.js,63,js,6ab35b26,Dylan Dsouza,2025-10-31,01:24:14,-07:00,2025-10-31T01:24:14-07:00,1,5
projects\projects.js,64,js,6ab35b26,Dylan Dsouza,2025-10-31,01:24:14,-07:00,2025-10-31T01:24:14-07:00,1,12
projects\projects.js,65,js,6ab35b26,Dylan Dsouza,2025-10-31,01:24:14,-07:00,2025-10-31T01:24:14-07:00,1,10
projects\projects.js,66,js,6ab35b26,Dylan Dsouza,2025-10-31,01:24:14,-07:00,2025-10-31T01:24:14-07:00,0,0
projects\projects.js,67,js,6ab35b26,Dylan Dsouza,2025-10-31,01:24:14,-07:00,2025-10-31T01:24:14-07:00,0,0
projects\projects.js,68,js,6ab35b26,Dylan Dsouza,2025-10-31,01:24:14,-07:00,2025-10-31T01:24:14-07:00,0,42
projects\projects.js,69,js,6ab35b26,Dylan Dsouza,2025-10-31,01:24:14,-07:00,2025-10-31T01:24:14-07:00,1,33
projects\projects.js,70,js,6ab35b26,Dylan Dsouza,2025-10-31,01:24:14,-07:00,2025-10-31T01:24:14-07:00,0,0
projects\projects.js,71,js,6ab35b26,Dylan Dsouza,2025-10-31,01:24:14,-07:00,2025-10-31T01:24:14-07:00,0,0
projects\projects.js,72,js,6ab35b26,Dylan Dsouza,2025-10-31,01:24:14,-07:00,2025-10-31T01:24:14-07:00,0,31
projects\projects.js,73,js,6ab35b26,Dylan Dsouza,2025-10-31,01:24:14,-07:00,2025-10-31T01:24:14-07:00,0,0
projects\projects.js,74,js,6ab35b26,Dylan Dsouza,2025-10-31,01:24:14,-07:00,2025-10-31T01:24:14-07:00,0,48
projects\projects.js,75,js,6ab35b26,Dylan Dsouza,2025-10-31,01:24:14,-07:00,2025-10-31T01:24:14-07:00,0,48
projects\projects.js,76,js,6ab35b26,Dylan Dsouza,2025-10-31,01:24:14,-07:00,2025-10-31T01:24:14-07:00,0,31
projects\projects.js,77,js,6ab35b26,Dylan Dsouza,2025-10-31,01:24:14,-07:00,2025-10-31T01:24:14-07:00,0,55
projects\projects.js,78,js,6ab35b26,Dylan Dsouza,2025-10-31,01:24:14,-07:00,2025-10-31T01:24:14-07:00,0,43
projects\projects.js,79,js,6ab35b26,Dylan Dsouza,2025-10-31,01:24:14,-07:00,2025-10-31T01:24:14-07:00,0,0
projects\projects.js,80,js,6ab35b26,Dylan Dsouza,2025-10-31,01:24:14,-07:00,2025-10-31T01:24:14-07:00,0,27
projects\projects.js,81,js,6ab35b26,Dylan Dsouza,2025-10-31,01:24:14,-07:00,2025-10-31T01:24:14-07:00,0,0
projects\projects.js,82,js,6ab35b26,Dylan Dsouza,2025-10-31,01:24:14,-07:00,2025-10-31T01:24:14-07:00,0,24
projects\projects.js,83,js,6ab35b26,Dylan Dsouza,2025-10-31,01:24:14,-07:00,2025-10-31T01:24:14-07:00,1,0
projects\projects.js,84,js,6ab35b26,Dylan Dsouza,2025-10-31,01:24:14,-07:00,2025-10-31T01:24:14-07:00,2,11
projects\projects.js,85,js,6ab35b26,Dylan Dsouza,2025-10-31,01:24:14,-07:00,2025-10-31T01:24:14-07:00,2,11
projects\projects.js,86,js,6ab35b26,Dylan Dsouza,2025-10-31,01:24:14,-07:00,2025-10-31T01:24:14-07:00,2,95
projects\projects.js,87,js,6ab35b26,Dylan Dsouza,2025-10-31,01:24:14,-07:00,2025-10-31T01:24:14-07:00,2,16
projects\projects.js,88,js,6ab35b26,Dylan Dsouza,2025-10-31,01:24:14,-07:00,2025-10-31T01:24:14-07:00,2,45
projects\projects.js,89,js,6ab35b26,Dylan Dsouza,2025-10-31,01:24:14,-07:00,2025-10-31T01:24:14-07:00,2,13
projects\projects.js,90,js,6ab35b26,Dylan Dsouza,2025-10-31,01:24:14,-07:00,2025-10-31T01:24:14-07:00,2,13
projects\projects.js,91,js,6ab35b26,Dylan Dsouza,2025-10-31,01:24:14,-07:00,2025-10-31T01:24:14-07:00,1,0
projects\projects.js,92,js,6ab35b26,Dylan Dsouza,2025-10-31,01:24:14,-07:00,2025-10-31T01:24:14-07:00,0,0
projects\projects.js,93,js,6ab35b26,Dylan Dsouza,2025-10-31,01:24:14,-07:00,2025-10-31T01:24:14-07:00,0,0
projects\projects.js,94,js,6ab35b26,Dylan Dsouza,2025-10-31,01:24:14,-07:00,2025-10-31T01:24:14-07:00,0,22
projects\projects.js,95,js,6ab35b26,Dylan Dsouza,2025-10-31,01:24:14,-07:00,2025-10-31T01:24:14-07:00,1,2
projects\projects.js,96,js,6ab35b26,Dylan Dsouza,2025-10-31,01:24:14,-07:00,2025-10-31T01:24:14-07:00,1,9
projects\projects.js,97,js,6ab35b26,Dylan Dsouza,2025-10-31,01:24:14,-07:00,2025-10-31T01:24:14-07:00,1,25
projects\projects.js,98,js,6ab35b26,Dylan Dsouza,2025-10-31,01:24:14,-07:00,2025-10-31T01:24:14-07:00,1,91
projects\projects.js,99,js,6ab35b26,Dylan Dsouza,2025-10-31,01:24:14,-07:00,2025-10-31T01:24:14-07:00,1,97
projects\projects.js,100,js,6ab35b26,Dylan Dsouza,2025-10-31,01:24:14,-07:00,2025-10-31T01:24:14-07:00,0,0
projects\projects.js,101,js,6ab35b26,Dylan Dsouza,2025-10-31,01:24:14,-07:00,2025-10-31T01:24:14-07:00,0,0
projects\projects.js,102,js,6ab35b26,Dylan Dsouza,2025-10-31,01:24:14,-07:00,2025-10-31T01:24:14-07:00,0,0
projects\projects.js,103,js,6ab35b26,Dylan Dsouza,2025-10-31,01:24:14,-07:00,2025-10-31T01:24:14-07:00,0,28
projects\projects.js,104,js,6ab35b26,Dylan Dsouza,2025-10-31,01:24:14,-07:00,2025-10-31T01:24:14-07:00,0,46
projects\projects.js,105,js,6ab35b26,Dylan Dsouza,2025-10-31,01:24:14,-07:00,2025-10-31T01:24:14-07:00,0,25
projects\projects.js,106,js,6ab35b26,Dylan Dsouza,2025-10-31,01:24:14,-07:00,2025-10-31T01:24:14-07:00,1,80
projects\projects.js,107,js,6ab35b26,Dylan Dsouza,2025-10-31,01:24:14,-07:00,2025-10-31T01:24:14-07:00,1,98
projects\projects.js,108,js,6ab35b26,Dylan Dsouza,2025-10-31,01:24:14,-07:00,2025-10-31T01:24:14-07:00,1,32
projects\projects.js,109,js,6ab35b26,Dylan Dsouza,2025-10-31,01:24:14,-07:00,2025-10-31T01:24:14-07:00,0,0
projects\projects.js,110,js,6ab35b26,Dylan Dsouza,2025-10-31,01:24:14,-07:00,2025-10-31T01:24:14-07:00,0,0
projects\projects.js,111,js,6ab35b26,Dylan Dsouza,2025-10-31,01:24:14,-07:00,2025-10-31T01:24:14-07:00,0,0
projects\projects.js,112,js,6ab35b26,Dylan Dsouza,2025-10-31,01:24:14,-07:00,2025-10-31T01:24:14-07:00,0,23
projects\projects.js,113,js,6ab35b26,Dylan Dsouza,2025-10-31,01:24:14,-07:00,2025-10-31T01:24:14-07:00,0,41
projects\projects.js,114,js,6ab35b26,Dylan Dsouza,2025-10-31,01:24:14,-07:00,2025-10-31T01:24:14-07:00,0,54
projects\projects.js,115,js,6ab35b26,Dylan Dsouza,2025-10-31,01:24:14,-07:00,2025-10-31T01:24:14-07:00,0,0
projects\projects.js,116,js,6ab35b26,Dylan Dsouza,2025-10-31,01:24:14,-07:00,2025-10-31T01:24:14-07:00,0,0
projects\projects.js,117,js,6ab35b26,Dylan Dsouza,2025-10-31,01:24:14,-07:00,2025-10-31T01:24:14-07:00,0,46
projects\projects.js,118,js,6ab35b26,Dylan Dsouza,2025-10-31,01:24:14,-07:00,2025-10-31T01:24:14-07:00,0,43
projects\projects.js,119,js,6ab35b26,Dylan Dsouza,2025-10-31,01:24:14,-07:00,2025-10-31T01:24:14-07:00,0,13
projects\projects.js,120,js,6ab35b26,Dylan Dsouza,2025-10-31,01:24:14,-07:00,2025-10-31T01:24:14-07:00,0,13
projects\projects.js,121,js,6ab35b26,Dylan Dsouza,2025-10-31,01:24:14,-07:00,2025-10-31T01:24:14-07:00,0,0
projects\projects.js,122,js,6ab35b26,Dylan Dsouza,2025-10-31,01:24:14,-07:00,2025-10-31T01:24:14-07:00,0,0
projects\projects.js,123,js,6ab35b26,Dylan Dsouza,2025-10-31,01:24:14,-07:00,2025-10-31T01:24:14-07:00,0,13
projects\projects.js,124,js,6ab35b26,Dylan Dsouza,2025-10-31,01:24:14,-07:00,2025-10-31T01:24:14-07:00,0,13
projects\index.html,1,html,4e256484,Dylan Dsouza,2025-09-29,07:56:12,-07:00,2025-09-29T07:56:12-07:00,0,11
projects\index.html,2,html,4e256484,Dylan Dsouza,2025-09-29,07:56:12,-07:00,2025-09-29T07:56:12-07:00,0,12
projects\index.html,3,html,4e256484,Dylan Dsouza,2025-09-29,07:56:12,-07:00,2025-09-29T07:56:12-07:00,0,2
projects\index.html,4,html,4e256484,Dylan Dsouza,2025-09-29,07:56:12,-07:00,2025-09-29T07:56:12-07:00,1,18
projects\index.html,5,html,4e256484,Dylan Dsouza,2025-09-29,07:56:12,-07:00,2025-09-29T07:56:12-07:00,1,66
projects\index.html,6,html,4e256484,Dylan Dsouza,2025-09-29,07:56:12,-07:00,2025-09-29T07:56:12-07:00,1,24
projects\index.html,7,html,4e256484,Dylan Dsouza,2025-09-29,07:56:12,-07:00,2025-09-29T07:56:12-07:00,1,55
projects\index.html,8,html,4e256484,Dylan Dsouza,2025-09-29,07:56:12,-07:00,2025-09-29T07:56:12-07:00,0,3
projects\index.html,9,html,4e256484,Dylan Dsouza,2025-09-29,07:56:12,-07:00,2025-09-29T07:56:12-07:00,0,2
projects\index.html,10,html,6ab35b26,Dylan Dsouza,2025-10-31,01:24:14,-07:00,2025-10-31T01:24:14-07:00,1,39
projects\index.html,11,html,6ab35b26,Dylan Dsouza,2025-10-31,01:24:14,-07:00,2025-10-31T01:24:14-07:00,1,19
projects\index.html,12,html,6ab35b26,Dylan Dsouza,2025-10-31,01:24:14,-07:00,2025-10-31T01:24:14-07:00,2,50
projects\index.html,13,html,6ab35b26,Dylan Dsouza,2025-10-31,01:24:14,-07:00,2025-10-31T01:24:14-07:00,3,75
projects\index.html,14,html,6ab35b26,Dylan Dsouza,2025-10-31,01:24:14,-07:00,2025-10-31T01:24:14-07:00,2,2
projects\index.html,15,html,6ab35b26,Dylan Dsouza,2025-10-31,01:24:14,-07:00,2025-10-31T01:24:14-07:00,2,20
projects\index.html,16,html,6ab35b26,Dylan Dsouza,2025-10-31,01:24:14,-07:00,2025-10-31T01:24:14-07:00,1,2
projects\index.html,17,html,6ab35b26,Dylan Dsouza,2025-10-31,01:24:14,-07:00,2025-10-31T01:24:14-07:00,1,2
projects\index.html,18,html,6ab35b26,Dylan Dsouza,2025-10-31,01:24:14,-07:00,2025-10-31T01:24:14-07:00,2,13
projects\index.html,19,html,6ab35b26,Dylan Dsouza,2025-10-31,01:24:14,-07:00,2025-10-31T01:24:14-07:00,2,9
projects\index.html,20,html,6ab35b26,Dylan Dsouza,2025-10-31,01:24:14,-07:00,2025-10-31T01:24:14-07:00,2,24
projects\index.html,21,html,6ab35b26,Dylan Dsouza,2025-10-31,01:24:14,-07:00,2025-10-31T01:24:14-07:00,2,29
projects\index.html,22,html,6ab35b26,Dylan Dsouza,2025-10-31,01:24:14,-07:00,2025-10-31T01:24:14-07:00,1,0
projects\index.html,23,html,6ab35b26,Dylan Dsouza,2025-10-31,01:24:14,-07:00,2025-10-31T01:24:14-07:00,1,18
projects\index.html,24,html,f281f3c4,Dylan Dsouza,2025-10-04,19:11:59,-07:00,2025-10-04T19:11:59-07:00,1,2
projects\index.html,25,html,d74f3d5c,Dylan Dsouza,2025-10-17,11:39:52,-07:00,2025-10-17T11:39:52-07:00,1,46
projects\index.html,26,html,6665b6f4,Dylan Dsouza,2025-10-21,01:55:36,-07:00,2025-10-21T01:55:36-07:00,1,45
projects\index.html,27,html,4e256484,Dylan Dsouza,2025-09-29,07:56:12,-07:00,2025-09-29T07:56:12-07:00,0,3
projects\index.html,28,html,4e256484,Dylan Dsouza,2025-09-29,07:56:12,-07:00,2025-09-29T07:56:12-07:00,0,3
contact\index.html,1,html,4e256484,Dylan Dsouza,2025-09-29,07:56:12,-07:00,2025-09-29T07:56:12-07:00,0,11
contact\index.html,2,html,4e256484,Dylan Dsouza,2025-09-29,07:56:12,-07:00,2025-09-29T07:56:12-07:00,0,12
contact\index.html,3,html,4e256484,Dylan Dsouza,2025-09-29,07:56:12,-07:00,2025-09-29T07:56:12-07:00,0,2
contact\index.html,4,html,4e256484,Dylan Dsouza,2025-09-29,07:56:12,-07:00,2025-09-29T07:56:12-07:00,1,18
contact\index.html,5,html,4e256484,Dylan Dsouza,2025-09-29,07:56:12,-07:00,2025-09-29T07:56:12-07:00,1,66
contact\index.html,6,html,4e256484,Dylan Dsouza,2025-09-29,07:56:12,-07:00,2025-09-29T07:56:12-07:00,1,23
contact\index.html,7,html,4e256484,Dylan Dsouza,2025-09-29,07:56:12,-07:00,2025-09-29T07:56:12-07:00,1,55
contact\index.html,8,html,4e256484,Dylan Dsouza,2025-09-29,07:56:12,-07:00,2025-09-29T07:56:12-07:00,0,3
contact\index.html,9,html,4e256484,Dylan Dsouza,2025-09-29,07:56:12,-07:00,2025-09-29T07:56:12-07:00,0,2
contact\index.html,10,html,4e256484,Dylan Dsouza,2025-09-29,07:56:12,-07:00,2025-09-29T07:56:12-07:00,1,16
contact\index.html,11,html,d74f3d5c,Dylan Dsouza,2025-10-17,11:39:52,-07:00,2025-10-17T11:39:52-07:00,1,49
contact\index.html,12,html,f281f3c4,Dylan Dsouza,2025-10-04,19:11:59,-07:00,2025-10-04T19:11:59-07:00,2,24
contact\index.html,13,html,f281f3c4,Dylan Dsouza,2025-10-04,19:11:59,-07:00,2025-10-04T19:11:59-07:00,3,43
contact\index.html,14,html,f281f3c4,Dylan Dsouza,2025-10-04,19:11:59,-07:00,2025-10-04T19:11:59-07:00,2,4
contact\index.html,15,html,f281f3c4,Dylan Dsouza,2025-10-04,19:11:59,-07:00,2025-10-04T19:11:59-07:00,2,28
contact\index.html,16,html,f281f3c4,Dylan Dsouza,2025-10-04,19:11:59,-07:00,2025-10-04T19:11:59-07:00,3,34
contact\index.html,17,html,f281f3c4,Dylan Dsouza,2025-10-04,19:11:59,-07:00,2025-10-04T19:11:59-07:00,2,4
contact\index.html,18,html,f281f3c4,Dylan Dsouza,2025-10-04,19:11:59,-07:00,2025-10-04T19:11:59-07:00,2,25
contact\index.html,19,html,f281f3c4,Dylan Dsouza,2025-10-04,19:11:59,-07:00,2025-10-04T19:11:59-07:00,3,42
contact\index.html,20,html,f281f3c4,Dylan Dsouza,2025-10-04,19:11:59,-07:00,2025-10-04T19:11:59-07:00,2,4
contact\index.html,21,html,4e256484,Dylan Dsouza,2025-09-29,07:56:12,-07:00,2025-09-29T07:56:12-07:00,2,19
contact\index.html,22,html,4e256484,Dylan Dsouza,2025-09-29,07:56:12,-07:00,2025-09-29T07:56:12-07:00,1,3
contact\index.html,23,html,d74f3d5c,Dylan Dsouza,2025-10-17,11:39:52,-07:00,2025-10-17T11:39:52-07:00,1,46
contact\index.html,24,html,4e256484,Dylan Dsouza,2025-09-29,07:56:12,-07:00,2025-09-29T07:56:12-07:00,0,3
contact\index.html,25,html,4e256484,Dylan Dsouza,2025-09-29,07:56:12,-07:00,2025-09-29T07:56:12-07:00,0,3
